10460.15,-45917.61,172.38,-18751.07,-5218.75,2611.02,46454.68,-5905.39,-28924.90,39795.73,-589.31,49608.74,1276.68,-12241.40,-11293.53,4384.04,-46392.98,-51883.32,-3988.64,41843.32,-16044.24,-22629.87,-35510.82,45391.29,23341.24,-12710.77,18542.55,42249.62,12629.28,21055.62,-11589.64,-13692.90,16117.77,8799.47,-2610.31,-25262.78,19677.48,-33374.73,-33065.92,25193.79,32613.44,66254.38,20336.06,12300.38,-1172.21,38453.06,9007.63,-17923.52,51943.98,-54418.00,-72596.85,-38163.92,-116.36,-40495.18,18995.34,59260.79,17795.62,-10080.82,4166.50,69457.37,-40107.64,-16988.27,-37614.16,46277.43,19844.75,46754.25,-8938.92,-38326.93,5200.96,23172.36,47988.18,-25201.41,-12455.49,9428.80,80034.00,-5533.65,-16386.15,30021.52,15721.13,-63776.62,-43463.47,10394.58,515.31,-16815.46,22374.88,23794.92,-22846.25,-20481.71,-16071.90,-47884.43,-27612.27,-42622.17,16923.04,-12702.45,50053.07,-17026.56,-26384.84,-20581.86,17410.61,6902.47
7041.67,-8804.77,43845.61,-10992.55,24796.05,-14739.57,3473.77,25987.29,-8047.14,13607.20,32175.46,22377.38,-48948.11,-81590.80,-20310.70,17619.57,20920.84,-37284.09,1244.32,73241.42,34234.73,24236.11,12405.14,-41927.51,-80967.23,17528.01,-82694.55,-48106.96,15435.08,6987.30,-20729.43,-44450.24,25390.96,-7963.81,5492.30,-23688.25,-36843.34,-41152.03,17193.59,72264.95,-7374.64,46341.06,7288.46,-49135.45,18986.26,-27691.24,-24251.26,74930.30,-5818.66,805.80,4349.16,12817.32,27518.43,-4058.72,-4528.76,-12246.08,-4976.24,31479.44,12371.94,-9992.75,-27112.11,-35247.93,4335.11,-8515.23,-15144.86,2719.37,-6390.54,10816.83,25436.87,55223.51,-8189.69,-69092.45,-3377.45,-38322.07,16123.65,33178.20,20083.98,-5025.07,31395.62,53196.53,22327.16,364.58,-2570.50,-36906.71,12811.53,-33920.82,-32642.39,63364.45,-8201.78,30797.57,10409.50,31440.88,-34118.62,-40622.36,5440.28,54339.75,14606.34,37461.99,-39612.69,59214.72
-28666.10,5895.96,-35862.17,13752.80,-22055.74,5707.84,-29975.91,28104.23,53120.54,41979.60,-14424.17,22680.84,47670.99,-14303.89,-43813.20,-22750.37,-11141.51,1585.00,-21891.33,-17056.50,-56394.23,-86809.53,-74867.00,27469.54,34827.52,-38516.64,75218.68,48444.26,-20407.23,33377.24,31233.05,-33161.97,-25594.63,45216.33,11048.87,-2179.00,-6038.57,267.62,21806.42,10080.98,-110788.42,-34723.12,9965.32,-54648.07,-52212.09,22882.13,-8985.96,-54106.40,3006.16,27463.16,-39209.68,-11921.53,4450.66,40487.75,3624.17,38538.91,39007.30,53811.62,-53650.95,-34373.36,-33977.39,15638.89,2719.06,11538.17,-22329.25,-15321.56,52424.73,-826.79,4575.77,21222.11,-22388.57,-11030.89,33544.67,-11583.28,24436.80,-24296.15,-16223.07,26727.52,-30762.99,3127.16,28624.05,-17730.71,-14567.14,-36410.60,-14748.53,38240.00,-24765.61,-182.99,7810.13,14117.35,36085.05,-10275.36,17317.61,654.88,49730.78,-16157.92,-30160.35,-45936.04,67172.19,858.35
-17338.61,24546.68,-35075.59,-32826.68,-40295.43,59915.02,24276.28,55691.43,-20638.97,-9921.41,44170.43,-64917.85,6334.12,-22488.10,-13859.31,-41079.05,18065.01,26505.80,3784.37,-1625.66,16353.14,8851.36,-46179.01,11326.22,6512.12,15531.88,-15538.99,-37290.72,-18976.44,-17841.88,15379.28,31983.61,7921.71,-2685.01,-35550.46,-2086.88,-7829.95,-23284.77,14260.46,-37994.92,-25652.07,14011.36,-39851.32,38424.16,-57929.88,-34270.19,-14908.94,5828.30,7917.22,2844.15,-74808.91,-37132.79,-16925.07,-33670.45,5144.07,-47890.10,29758.56,58037.97,59072.08,-42147.47,-57377.91,28633.88,18930.43,20070.14,31242.14,-45781.15,3908.38,-51579.80,9493.50,-11890.74,21325.62,32047.93,12896.42,-25725.15,-46723.50,-14297.85,-26705.36,35898.68,-17755.44,17738.99,-26882.25,20282.71,25105.15,26507.43,-72246.52,1603.05,-60029.30,-34278.78,-30446.12,-13695.00,22199.19,19069.66,-70032.93,-26405.81,-39769.63,-45320.70,-39965.76,1870.60,-27194.06,17101.04
-3309.47,24725.79,5754.39,1379.49,1106.89,5606.74,-27679.37,-18130.52,-29743.04,-16762.14,5837.91,5979.01,-23664.93,66295.49,-26185.98,-30442.22,-19283.33,19226.04,10785.57,-7636.45,-1902.01,-28800.03,29289.26,36869.30,38992.93,2054.57,53072.52,26621.03,27072.69,108.31,12764.25,13395.62,-15277.75,-5847.94,-17479.07,-89484.39,-1865.09,-32194.20,-27902.62,-18339.37,-16917.26,4443.03,48470.41,26997.00,11580.39,-1050.49,-7055.19,-34169.16,-18373.45,16352.80,-28887.25,2498.71,-21120.74,5616.04,34213.62,-32147.27,18434.86,-14888.70,-39632.59,-16820.23,-34127.43,39460.35,1124.72,25378.01,15005.88,17124.29,27672.76,-18706.44,46527.83,26253.09,-17609.28,17154.69,30562.80,10211.42,45587.76,1986.04,-13546.18,18797.51,-9196.12,44833.19,-7463.33,8880.40,-44577.64,39679.73,-12544.17,53152.51,-18412.46,18197.23,-60742.93,10420.46,11303.75,43363.43,3038.55,-351.62,-19333.31,14984.36,-47154.76,-29769.08,35630.41,54352.69
7243.07,36993.96,-38749.22,-2954.83,-16665.45,32697.35,20375.94,-20359.86,23965.75,27439.23,-45780.11,29686.02,-16007.08,-4499.29,82176.04,-17980.54,-90501.88,14772.67,-74181.59,2686.34,38750.20,-78098.62,-33504.77,4353.33,24682.43,-34135.57,41723.03,36932.91,-23006.28,-41722.68,24594.92,-21925.82,-8841.30,75342.76,-24160.62,-25189.88,13081.06,-19322.52,-35425.34,57784.45,6265.50,32608.39,8984.96,-18422.39,-38136.63,27290.35,8910.69,28751.52,11028.91,-32129.29,-25548.44,-22001.55,21420.27,49205.75,6295.00,-6099.67,-5694.33,5079.28,-21911.66,-16716.57,-22905.05,-4618.39,-1352.59,-5021.40,-6407.41,25315.78,1231.50,61664.24,-13119.61,-11238.21,16606.28,-24782.67,-62476.13,6006.26,13314.96,-50610.20,20595.88,-907.27,20396.75,37990.60,38611.10,21249.23,219.78,-23180.29,24206.12,62497.01,-31450.84,45625.08,7284.10,30470.37,-43177.72,-25021.16,-4157.58,2289.38,-29753.61,10509.68,14122.36,1894.96,48573.51,-41793.21
39826.44,-58812.29,-1452.16,14722.30,29117.69,-36574.06,-51733.54,-26120.58,-5763.52,-10401.07,-5291.57,-9499.44,-26859.86,-30221.90,27785.20,47122.27,-11021.23,14347.93,-1964.03,-9784.52,6024.75,10468.15,-68339.39,22324.70,31285.41,15681.88,-17024.23,3988.54,-18355.71,-32137.64,7874.78,32504.73,18603.12,-29723.99,25574.17,6692.33,-27274.16,35827.64,18272.68,-8759.44,19068.26,321.62,-3567.69,-35894.38,44817.09,-2883.96,35668.04,19409.20,-53926.53,-36797.54,32272.57,-9269.80,93151.02,-53677.96,44163.25,33116.17,-19661.48,58956.52,2773.74,-11875.19,2378.03,-18405.18,-28742.14,-27385.14,3907.28,42674.88,36958.88,-1724.16,-46991.59,66995.80,22477.57,-32268.06,-47962.21,-11306.42,-3713.33,-17395.54,26397.29,-725.58,17445.44,238.39,13398.18,-56473.23,-72854.13,-644.87,-20192.59,72565.97,17636.53,-7744.52,18623.96,11642.75,35987.59,2189.70,29837.92,23490.13,28580.14,-31558.58,41258.49,62074.31,20175.75,-5841.17
9296.83,-40790.87,48878.89,23684.17,-37457.77,-67914.19,17010.54,-21645.88,3865.65,9360.35,-16714.77,-6367.48,-49687.74,-46664.22,36090.37,13334.40,15927.08,1542.60,12344.20,20567.95,-376.28,82294.85,14170.13,64510.96,-3577.73,38133.12,-29260.20,-23274.04,19197.14,-19324.91,-1582.43,-36920.72,-66912.88,2226.87,45282.88,22571.69,20277.61,-20032.42,7848.03,-25091.06,72189.20,-28303.72,24567.59,5085.98,-40347.96,-28709.05,16194.81,27984.56,-22635.96,-5069.39,25060.56,-8847.29,-39205.87,-45604.49,18745.02,29577.16,42434.21,46673.65,28920.13,7883.43,67.73,-8275.38,32378.88,-12579.34,57480.91,-38313.14,-20721.16,19359.24,-17710.30,-1954.38,-19557.02,11806.87,-6519.21,-11656.96,22098.24,15458.97,-6907.43,6576.80,87205.43,-59659.07,-35118.40,-47626.68,26975.21,38394.68,-14500.85,-71549.55,-22296.00,1079.67,49360.40,-5212.12,-24305.43,22781.75,-29320.39,47076.62,5357.13,-9087.96,-17644.76,28585.96,-23932.72,25464.85
-24750.96,30788.44,-10354.16,-28920.44,81839.50,14960.80,-12930.06,43323.11,-16221.45,48819.57,-13258.24,-12680.93,40132.03,-8225.34,1134.30,13461.43,-4639.68,29201.96,26760.48,72124.20,34371.89,8754.79,-35589.99,-15656.70,-11369.09,42344.03,21479.30,-21205.84,24668.04,12068.62,-37342.01,-77172.62,-9133.48,-29771.53,-6675.48,-29710.64,-51233.82,33176.10,5220.73,45101.27,61498.74,4880.45,41800.99,44143.00,-4786.88,-1429.06,-66673.37,10788.17,63125.49,11561.61,45475.91,48282.08,-10124.85,-3963.48,-9842.37,-32097.60,53868.33,42014.11,-13547.37,-118376.77,-4972.46,10679.74,1051.34,-20946.32,-19042.28,-36108.35,-48987.94,29326.44,-3324.67,-85056.27,-51778.08,-18749.01,-10247.92,-55325.77,-29462.41,-18381.41,25963.38,27401.47,-6835.20,16091.07,-51687.43,-34976.39,-33110.54,75959.22,32582.08,-19072.70,-13774.63,-13586.56,26108.74,-5470.67,-29925.74,-25651.69,-86822.36,85770.87,16846.96,-16188.01,-29948.61,-68957.38,26063.86,-20406.82
77373.86,1247.20,44989.33,56778.86,-53226.79,36241.22,-38738.18,-12648.36,38422.20,14133.06,-5580.64,-66526.52,-54469.11,42078.46,39711.94,-43961.81,13250.86,52867.21,-19229.08,15650.15,14455.84,1170.96,41907.35,-21853.43,-21772.10,-12446.32,818.52,73216.80,19943.17,-12517.86,-38863.91,75107.63,-26650.67,26809.74,-24994.48,9540.20,43074.76,-32119.64,-15473.59,45769.66,10243.19,22475.92,-32635.80,-10906.85,-11794.23,27019.59,35235.43,-32670.00,-63906.85,37051.02,-50059.81,-37454.82,35170.01,-41794.80,13511.01,38956.91,-12628.29,-25086.30,45979.11,-66286.41,-46708.46,-6364.29,11646.78,8109.67,22428.17,-13368.95,11527.39,-28306.41,-35327.65,58201.71,-16826.85,-16447.85,140.93,11139.85,-56917.58,18553.57,29655.18,24293.54,34840.02,47544.47,-17623.02,-6773.50,37195.41,-9658.29,-57452.81,402.29,6698.40,-27960.99,31688.45,-25693.28,-30247.47,-9591.80,35770.95,-15519.45,-74313.28,21793.02,-35805.29,54496.57,-23323.41,-45648.47
-75331.17,10054.49,23076.20,20953.01,16597.84,52733.91,-46667.08,-4447.18,-4106.97,68244.27,-30750.66,-113.50,68464.09,-49082.08,32391.30,41101.24,-4181.46,1069.31,-45440.02,-2126.31,-38140.00,9277.96,-44358.94,49855.87,-6986.87,-47916.13,-1030.23,7304.70,7247.08,3287.58,-29427.16,4990.65,-35175.39,-54466.09,-13749.00,17509.77,-24642.77,4298.24,60073.61,60598.20,50293.46,-34367.08,-42258.78,-18894.80,16238.36,4509.29,-22372.86,-19548.30,-20064.72,-45529.61,3669.39,-6600.24,6146.07,21855.46,-20655.46,-22060.95,2321.57,-27409.86,22520.00,-6121.19,-10089.73,-68161.79,-2275.68,6954.33,31059.28,15259.56,-60974.35,17661.19,7894.54,-31386.25,44308.97,-52876.76,-3916.51,-5605.54,-27219.37,15392.90,12638.48,-17647.02,22449.99,4173.76,26874.03,1486.80,-38519.95,25056.27,-46025.71,46496.25,-32661.63,-9957.04,65311.34,-38349.45,-9571.74,-29325.39,-38785.70,29736.19,-37598.05,-9077.67,-4741.64,-47239.80,54685.91,5066.97
31582.94,-18436.30,30745.28,23985.03,24079.57,-22829.51,-90059.66,1056.77,57612.23,13191.46,5082.50,19033.84,-78969.45,-29715.90,28150.11,-47084.75,-26614.80,-10248.67,-33594.93,25756.87,53831.60,398.18,-5721.86,-6884.38,-18422.62,-23827.02,-27427.14,13604.70,-36173.82,-4574.60,17629.29,-11142.96,-23171.62,-31409.60,24794.10,50713.66,-9953.99,42653.72,-675.16,7315.80,-13761.65,-47065.81,-6776.73,1589.09,-58557.94,-8715.63,-1822.18,48006.74,21022.57,-13479.80,14207.48,24127.12,-9861.32,16368.08,-56880.45,15063.86,5132.39,30843.38,47986.72,8204.67,-27620.09,17499.69,-4656.23,-33528.14,15775.52,11763.85,-47637.40,-21358.38,-41020.60,104596.74,42051.29,-16205.85,4406.75,-28084.38,-18146.51,-23047.01,23836.22,-21581.02,42447.66,-22987.56,24625.45,24773.23,-58743.44,26424.15,-2201.05,19100.74,-25972.06,-50539.07,33156.22,43388.01,-68325.73,-12434.60,-5876.32,64275.29,16312.62,4175.88,31532.40,-10237.89,-21779.38,-7112.35
8534.44,16512.00,-33000.64,-5515.23,-65952.64,-51938.43,40154.29,-1428.41,1081.06,-3929.11,-15733.77,35556.73,-12123.72,-31766.25,24871.21,-8710.18,-29777.47,7509.46,13606.96,-9287.45,42434.46,28416.28,69823.27,-6960.00,-59431.48,15663.16,51271.44,25478.74,27276.37,-19220.08,8643.75,41028.09,-1226.12,15241.97,15823.92,-10681.92,1661.44,-39669.16,7305.60,40856.21,-21415.19,36057.54,6139.48,-21002.31,-11971.51,-35446.54,11666.13,31085.17,9653.46,-22115.81,7523.58,-6882.78,-4097.07,23692.01,14568.47,590.68,8130.96,44464.01,9165.33,31217.13,-40239.27,6077.00,-48065.18,10612.75,-17174.91,58499.86,1262.79,13708.29,-9592.73,13282.44,-15892.32,7914.45,-11830.60,14389.21,6106.47,-44627.84,-13096.02,5713.98,-57463.26,5753.56,14277.12,8134.87,52603.62,-6428.76,-27310.87,-28657.73,-36933.04,83138.17,-2179.95,-22389.62,-11200.89,22322.68,16454.76,-54340.91,80024.58,37453.60,-26036.30,44488.80,-30757.81,14557.61
25435.53,40979.46,-26478.87,8661.85,-20105.48,30855.04,27452.19,-4797.00,6497.93,-39601.50,57531.89,-64882.63,-14255.05,-6795.22,34741.30,-83.25,-4378.71,12089.03,52246.30,45650.45,47251.87,-43839.52,21999.75,-2552.03,3886.64,-3583.35,-8384.84,47468.86,-13787.08,-45732.04,9494.55,33004.25,50617.62,35756.36,-12004.89,31138.36,-9788.42,-8693.53,3972.91,20007.94,25267.23,59699.95,4790.60,-31683.92,-11578.91,30547.74,21478.74,4933.31,16713.07,-25259.81,38234.81,-7707.49,-8703.96,23759.95,-23344.21,-14100.21,1536.56,6804.13,3152.65,-27202.63,-42012.12,7747.26,31392.86,-34589.66,1939.97,-8971.12,4804.30,19476.71,25543.07,9170.69,8573.89,41618.39,-5988.66,-17074.80,-22049.72,5846.01,6423.72,4921.44,-58797.00,57623.27,20956.43,10362.72,25541.64,760.69,-9350.36,-46308.09,-40751.45,-51545.19,25737.46,30785.36,-2397.00,33349.20,-48214.03,-28795.56,-26833.92,-5940.37,-9944.49,-5300.66,-12751.07,-42283.10
-44928.66,2207.87,-80450.94,37081.01,41145.11,35163.16,-33986.34,-3879.38,-32539.62,19539.44,-11501.91,31085.32,20527.69,14192.22,28438.59,-5.87,21970.33,-10998.41,5863.23,-19727.31,-10883.20,16851.10,-25182.40,-35354.84,55319.96,3674.14,-4862.06,17289.85,58689.81,-24108.89,-35682.58,-7843.12,2652.08,-30801.84,27381.85,-12278.49,-17451.59,-48473.54,13337.27,-2631.37,-20173.46,28047.96,39445.19,42576.70,-11042.53,20829.94,-32198.71,-19051.71,28368.88,-20424.28,-2534.90,-27162.65,17902.06,21056.85,-4039.99,34840.77,-33766.25,-4298.74,-82526.93,-52537.74,22736.58,-19999.99,-14304.61,-13584.92,-31601.23,-18789.83,18186.10,45340.93,7202.80,8065.35,-27692.97,-21750.40,-16392.45,6061.60,-3008.73,30124.77,5093.63,10817.00,-28872.05,28485.48,12243.49,-65041.91,-64595.93,29230.04,13721.42,19630.49,-26606.91,-68923.37,10669.08,4486.92,-16270.53,63820.08,-2875.56,-45949.12,-489.94,-23448.56,-4704.62,-16420.47,-2130.50,-52412.59
-8536.71,-41376.00,11157.18,14059.06,-31173.56,20347.70,18956.50,-21547.26,-12675.54,-1779.67,-48852.27,10212.56,-25945.48,24474.09,20665.46,13091.97,57917.25,37561.58,-58113.12,-37952.71,-13233.32,5148.22,-25371.04,44690.19,7499.20,1547.99,9386.44,21016.20,30498.09,16820.96,-17688.82,20015.43,-47896.12,22482.00,-355.74,-33984.46,38572.78,-13447.12,9558.11,30526.29,-332.33,-34749.44,16364.03,16287.83,40140.39,10552.52,-4512.58,-14586.44,-9640.77,-24235.85,-61784.58,82.32,15780.32,-24090.80,3228.11,-12687.10,-21817.09,38061.41,7503.00,61461.36,8435.37,-50558.77,18286.26,24634.59,-1098.27,22643.70,-30257.45,-15804.84,2931.93,16644.68,52486.86,-23540.19,-46940.80,13934.80,41858.00,-15690.39,-38202.28,13746.84,17584.88,24879.09,-13299.89,13109.61,12675.04,21479.51,-227.37,-23260.18,70776.94,23449.99,27723.76,-70710.91,-26277.08,-63306.78,6638.99,2748.60,13854.41,5068.84,-52617.52,-26858.48,-14078.09,62323.80
-22902.79,5688.57,-3275.21,1790.49,35213.98,-7521.86,-24662.12,-3231.62,-16438.42,591.15,27700.97,12317.73,17090.21,9413.42,-4996.87,29802.36,6170.47,30804.55,16456.09,15440.37,6158.64,-41711.55,60691.61,-40707.34,5508.84,-14155.12,-13634.26,45905.11,-461.77,-18346.18,-33387.85,-17252.91,33403.41,-10621.63,15537.64,-25269.07,-19702.29,-13613.24,39573.41,30018.52,26699.27,7266.72,73935.17,26061.38,20546.49,61015.62,11324.54,27773.12,10008.50,16423.50,4704.75,43688.91,15133.64,-3390.50,18498.45,48092.84,45811.95,-33801.36,-3245.68,-48435.30,-1155.76,-65221.24,-37812.63,5985.13,-35406.51,17061.08,30372.78,47668.39,22921.11,-19418.22,-13823.52,-17403.90,-36092.82,50647.55,-7689.86,-22411.73,40457.47,20618.23,-34546.01,14055.12,1605.87,-12954.13,33730.08,-6164.25,37773.76,208.92,-10958.32,-21940.60,-40739.19,13779.06,28258.96,19200.46,58164.20,6257.44,12320.94,-1531.38,2188.17,-74363.43,14744.57,-26235.38
-60008.50,-52184.48,-3709.52,-2984.85,73950.34,58018.46,-12832.63,-37687.09,-54893.01,47188.30,-54925.41,46525.05,-31829.23,13780.94,40969.96,-46180.37,-4783.64,-53956.41,-97609.80,64627.07,11281.30,26041.60,-44649.28,72435.61,-23887.80,71208.22,49472.25,29111.30,-23394.54,48597.86,-57457.51,25598.38,-35122.22,-55563.70,53487.59,20797.02,-24174.18,-12070.40,-21369.46,-108529.71,-49045.75,-36077.76,-54568.71,20604.02,51252.80,-37648.71,-81182.31,45891.11,58085.07,-40485.09,66083.75,22791.88,16784.52,5610.89,44943.55,-3951.73,17472.92,-7962.54,28144.23,-25523.50,-28476.49,22145.99,5208.30,-2543.81,-36705.10,9854.37,11619.85,-16746.10,3156.63,-15304.61,-19198.29,36491.64,-15051.71,-7346.97,-8491.47,-61383.61,-30844.82,-5984.21,-490.57,-13735.74,-27440.99,6060.30,-17164.40,958.36,22876.11,4821.99,-51600.09,54860.76,-26249.50,-28746.67,23547.80,55924.57,9843.62,18932.37,-1376.60,29603.02,8160.64,-40540.14,-31166.68,46957.47
-28996.58,-54387.45,-42432.34,40719.16,-7068.25,-51486.55,-32749.34,44285.68,8272.51,32162.91,1059.16,-6711.73,-62115.41,19330.42,-59498.86,-13684.46,-2131.82,-42447.22,19282.31,82389.95,-3655.60,92454.24,1625.85,10402.41,-88261.12,7540.90,21446.01,-54854.57,42028.65,-3660.60,-2752.42,-29273.08,-3822.26,-17867.12,-5216.38,-15886.70,-29660.94,39614.25,73585.88,-26930.74,4767.88,-45699.21,-32115.76,48366.06,-60911.89,-36202.82,-32089.64,-11329.81,-17980.48,2789.24,-23007.45,29129.09,-42634.86,-18844.71,67731.08,-63760.57,-13681.62,20889.56,-7764.38,-19359.15,-24335.97,-5093.44,53377.52,4614.23,29744.71,31985.03,-17117.45,14377.34,-28164.74,1975.04,-3780.70,46912.85,90534.12,-301.68,-26453.00,-25710.70,-35446.31,28985.93,-26901.09,-38648.32,-7983.75,-84140.80,1277.96,23621.42,3287.17,-8375.49,46257.51,-9304.08,-48192.67,-37878.83,2381.37,12281.26,-55849.80,1873.02,40634.08,-73709.45,-26851.55,25431.77,-22917.57,32516.25
-38097.96,28833.50,-9912.44,40727.81,32220.80,-19783.74,61174.29,21963.24,-6791.51,36596.79,55589.29,20780.51,-35982.91,-10107.67,-25188.15,-19065.22,-17439.66,-64974.39,23047.68,73054.84,35943.19,15126.89,-13674.49,-64018.59,-1526.97,-2542.63,-61508.42,18806.47,31051.12,-17898.60,-47500.76,-41266.95,1996.06,-54887.05,365.10,12104.36,-55033.43,-26222.34,26886.96,3644.27,-19964.81,-20059.63,112.57,46519.42,-57442.75,24071.85,-32455.51,5507.61,-10188.59,7499.05,24627.39,-3359.77,-30660.42,-748.45,-24848.18,50836.99,11512.23,27641.40,12224.00,46390.02,42315.49,22614.67,9332.35,7309.41,-25606.16,-51550.35,-6638.73,50549.21,24018.09,-25350.39,-3502.07,25409.68,24053.12,-21153.86,4533.64,-17205.63,10792.07,36231.45,-30974.79,-22979.31,347.15,-35849.82,-32278.97,-516.36,36451.75,3348.17,-34955.41,19067.51,14414.96,24191.80,-8830.71,36788.64,-79398.86,-48871.29,68312.55,-11883.66,-8516.99,36708.30,-46439.74,-47803.08
-11083.70,14170.32,42948.12,-39658.12,9443.15,-37902.22,-29817.21,-2563.72,28967.97,12712.56,-37041.73,64828.13,24829.74,-16025.14,59307.03,17996.18,22208.76,2986.47,71282.47,-25932.87,-17615.03,-17570.52,65199.89,-49297.77,-26807.40,22440.03,-27445.91,-13583.16,4645.75,26645.03,8708.05,-62249.09,52299.52,-22142.25,51635.89,27604.98,-16225.79,-10235.79,17924.06,14237.32,12656.46,7921.94,30512.40,-11479.59,91991.38,60689.96,9706.55,24390.29,12375.88,1356.61,53787.98,72175.28,30031.63,62845.18,-32202.49,30951.55,53177.39,-13853.65,-31036.29,-12495.85,-3857.33,5674.25,-41914.55,-57014.82,1070.53,-29355.29,6865.19,474.07,-46925.76,54636.19,-40909.02,-49993.94,4521.98,72650.69,-1842.20,18284.57,85882.84,-43184.05,6233.11,-37638.18,-26385.10,4630.02,-2571.57,-31875.86,31193.00,31979.26,-17633.36,5783.15,-19303.60,22015.01,-4038.29,-31270.24,28858.83,16042.87,29108.06,55792.30,11690.44,70826.67,41778.28,-44017.94
30382.44,11818.24,33569.34,19421.67,-23469.54,45018.88,43704.28,19907.08,31707.09,1361.20,-43643.18,-10462.79,42356.32,-19285.68,20914.64,56303.43,-7625.18,38153.81,47150.07,-55832.27,-4524.83,-52549.81,18632.65,-17367.27,-44910.66,19819.08,30297.38,16295.59,70518.40,14512.46,27051.55,-57738.68,21018.29,38010.92,-16617.96,-23455.01,43174.34,34446.89,-22293.39,3885.79,-50582.00,31690.42,37191.94,-16106.72,18756.43,-44822.02,-10588.51,19.57,-33301.38,-6005.73,-60461.63,-418.39,46736.51,-17920.95,-53132.25,11431.23,-21467.23,-52587.33,38253.46,-1834.35,-31306.46,-55199.98,-29441.14,4506.59,-48848.73,15464.28,49045.13,-29774.02,48355.92,55472.71,14014.70,15896.38,-18205.02,17612.77,39979.89,6258.35,-49183.66,24974.17,-49394.87,11871.99,29347.53,40701.95,1373.90,-9772.57,58823.62,-21211.54,44098.28,-9238.88,5766.72,-46890.38,-51981.96,2776.91,52877.26,-83323.16,38043.29,24064.64,-10823.15,2754.69,-17355.74,5215.82
-34644.52,-4768.63,12852.84,-5334.50,33708.61,-10310.09,-3330.18,2650.66,27106.61,-14372.23,15638.21,-36015.89,-9992.24,12193.64,20249.02,-7340.86,2823.82,27857.91,17035.55,51732.66,-14856.73,-23563.74,6772.05,26849.13,34083.50,-13104.61,20206.72,-32568.64,-9802.24,-14181.69,-25048.92,-12832.48,1080.74,66675.04,42096.45,32462.13,-6704.23,2771.90,13071.76,-11473.64,-8705.01,21404.00,51369.88,-24417.41,-42016.39,-50041.90,-32504.80,85033.99,25293.40,34707.84,29399.80,62203.04,22964.45,34622.36,-11868.01,-24969.83,48139.57,41747.64,-8829.92,-68751.77,15922.65,11758.78,39673.96,7745.37,37993.42,22650.35,52792.60,-37642.06,-18830.36,-24920.13,-7672.67,-53945.00,18510.95,9524.00,-24395.06,-24274.19,28530.21,16748.08,-28969.98,-9076.58,-943.88,-35256.59,4478.83,2799.89,-4985.86,-51237.12,-18693.38,27285.04,-52003.31,34683.91,75541.39,-8352.65,29433.11,22286.95,-37177.76,350.25,-30966.04,-4831.40,12879.34,-62504.10
71503.68,33130.12,19468.81,57686.49,12477.68,-29964.92,79434.96,32311.85,-10654.22,20288.43,-13848.96,24330.01,17778.33,-45568.69,41806.68,40093.52,-51884.61,-15360.62,37415.67,30090.86,2929.43,17464.61,16560.22,26102.33,14078.75,6837.03,20761.68,52493.35,35293.14,-60104.44,13617.50,-44468.28,-51829.27,16173.05,-5989.16,-41033.83,-8756.88,29022.42,-49857.77,-1217.79,52563.40,59473.78,26552.39,-1065.56,-1078.06,5932.83,8698.68,6724.00,-12399.06,-2271.53,-38766.69,-52210.05,24076.73,-32305.13,-26391.48,46533.97,34186.88,-56921.25,-21965.40,21702.77,12826.07,-52991.80,-45872.34,-6742.41,11209.90,30432.26,10726.73,31121.29,10556.40,-6758.09,-12795.90,-44316.08,16197.28,15888.58,-31347.27,-38731.57,-12938.57,-41075.02,-18210.38,-28166.04,-9541.37,-21376.68,-11595.68,-47430.29,-43751.20,30872.74,-6913.11,-7661.29,41035.20,-15007.60,-54417.55,-5468.28,5290.93,20021.35,-11411.96,-26967.57,35059.35,70955.23,-11235.31,-93350.14
-39007.32,20102.61,-15818.45,9789.10,-3341.07,-6891.03,59201.29,-40795.58,-2971.27,31559.46,-23781.79,-6948.12,16398.47,-5071.98,-39245.34,-13839.17,-24096.56,-46891.27,-2139.15,35129.88,11830.39,12915.17,8817.95,25312.95,-12310.06,-39195.89,-1154.58,17096.38,-24047.26,48772.45,72898.09,53637.40,65532.93,-12286.76,-6524.60,5566.64,-51355.57,4434.98,9259.79,40756.44,39329.92,25120.13,-21970.64,-45119.27,68592.97,84728.93,1977.87,11997.85,39623.85,-21756.34,64871.11,-5247.73,-44851.79,12431.56,22482.20,11935.36,-4694.61,-12467.20,16301.01,29884.11,8366.58,1043.77,-42812.81,26495.27,61783.12,13137.60,-135424.31,-2168.69,33722.65,-19848.95,20126.64,-48228.84,-23804.15,8635.98,-17648.72,-33319.78,10809.78,12014.80,-17997.04,-37134.50,-19880.90,19179.20,4648.67,-36550.56,-305.75,12640.59,2723.28,64054.66,-30411.82,26379.42,48344.13,-42596.89,-23242.59,21464.88,-43808.43,-15749.71,56030.55,-55672.62,-21678.83,-23736.03
14803.18,22114.90,26394.35,-63902.36,10866.25,57004.55,5077.20,13257.82,-1234.03,23471.54,22309.52,-1629.95,24202.95,1800.34,11190.48,-12225.18,-22817.74,44105.04,22824.19,63156.09,-17202.82,-15077.65,28453.27,1138.60,12277.70,-2230.37,-1664.61,-65935.08,-55550.04,39448.35,34768.51,-33098.70,-3682.76,28146.32,-7837.02,-13608.72,3405.79,5157.29,-44910.83,29543.17,23574.29,35729.75,40175.93,4024.36,-15058.94,15931.04,-134.88,32283.53,2279.95,37813.60,-28703.53,55982.32,-11561.72,23300.80,21889.73,7026.00,27593.48,26553.73,17098.94,-81163.21,25137.01,-18449.98,-9067.43,40294.40,-5607.83,14300.85,-55239.29,-47799.46,-13912.57,-16381.40,-5558.24,19404.34,-1751.09,55220.32,67179.51,68811.59,20852.34,-33799.04,-32410.26,5869.80,-13876.91,16261.85,63149.51,6966.00,14989.87,19027.55,1238.17,1890.27,-32715.47,14824.24,-16399.10,-32963.96,-27028.81,-5170.77,26101.38,37983.38,4819.06,-10031.70,46457.91,9467.85
-39925.22,-55839.78,-19520.75,4556.56,16798.85,11035.54,-24634.95,16169.79,-17297.10,34720.97,15704.74,-22628.21,-28260.14,24825.77,-8658.63,-59880.32,29680.71,-8178.73,10280.33,-25419.60,-51172.10,-11967.57,-81529.05,16806.58,19170.64,-24736.97,-38659.08,29458.97,-13048.46,-15260.06,-22208.31,7134.19,-58253.82,2234.24,-7000.73,-47652.52,-17347.45,-45656.84,293.08,25200.05,23028.92,-24087.10,24465.53,-40200.25,-4835.61,59841.41,-6165.60,-24331.76,12936.91,-7927.30,8058.13,-21931.99,27187.03,-12806.75,-14999.21,56602.21,-2975.48,34074.73,180.71,-14565.41,12022.39,-2554.14,-16967.90,30756.73,69804.95,-674.99,21838.35,28596.32,10102.87,16753.22,63104.36,-51033.02,2418.79,-1613.15,46512.58,9049.44,-36775.16,33715.16,108959.03,22888.67,-24971.51,-78328.38,-1202.62,49394.28,-30602.18,265.44,58729.65,-51648.90,-10398.85,38256.74,-12528.35,-17969.79,-52130.58,22742.06,12159.13,23737.20,-77874.10,4756.29,45085.38,13063.70
-12229.79,-1272.47,-877.81,-18786.95,14073.36,24047.09,72513.15,-54543.91,10718.21,2335.64,12521.24,9862.80,-59141.05,-16876.98,14922.26,-26571.68,-10914.60,-10069.89,-7231.10,-72270.28,9437.32,-22521.37,45660.56,-23593.89,40799.56,29157.18,11619.88,59688.88,20194.73,-10081.88,23193.44,74921.81,4059.51,-3564.00,-29915.54,57834.63,35054.09,-37093.68,-49123.64,35973.83,-9930.71,72652.09,26659.72,-14038.56,-6002.62,53081.73,19741.91,15890.40,55811.83,36502.23,28571.40,-62424.96,-20099.88,-15476.90,30858.59,3226.96,-20342.61,-50775.23,-10901.53,89196.95,8266.32,73025.98,-32308.12,-5455.21,1054.15,20534.62,-28537.19,26361.58,30039.86,10952.20,-8194.04,-22898.43,20538.84,30793.88,31752.41,-31637.15,-32628.17,-66704.40,-52693.15,5925.52,26367.91,65480.03,-10325.84,4290.84,-3166.86,17312.08,-28459.75,28975.77,3384.62,15375.02,5025.63,-19022.63,27517.16,20097.49,-40167.59,-23340.85,-25115.11,-5403.86,-3943.50,-6670.71
-10541.79,61079.83,-8881.92,-58163.56,9840.54,51712.25,-5655.55,57645.12,18425.83,2407.78,-8548.14,-53811.26,91991.40,-33522.38,-22626.17,5516.81,-5840.35,-18082.49,20083.42,-20981.21,42211.55,4756.22,23062.84,1741.04,6228.41,-19208.12,5049.12,-8620.10,-2280.44,-8390.83,5911.08,42363.14,27640.18,-47744.66,36324.30,-6250.13,-46455.36,21623.23,-26710.44,-27124.50,6522.48,55775.22,-45294.33,-2025.82,34841.05,-42966.14,11547.56,-17437.06,-6119.67,-6288.92,-37871.68,-25311.86,9337.34,13599.96,-13259.25,14859.55,7584.73,-8923.02,24433.41,-64309.08,6764.81,-3167.88,-28494.49,41329.31,15495.38,12513.63,-17540.92,32029.81,14607.53,-42723.95,-73869.07,-10753.68,1790.82,17651.13,-66982.87,9527.88,42.17,17501.69,-19566.57,-31348.41,4479.15,5312.83,567.17,24492.67,-30165.28,-10598.27,8185.75,7171.40,-39577.11,16270.54,67534.92,15595.84,-27976.95,-62650.09,-4090.40,40957.99,44734.45,-22763.34,-7950.89,-14477.81
-7415.29,30018.47,10167.92,35118.39,-16047.04,-88188.68,6016.24,20067.19,16884.25,41231.68,-26738.35,18041.51,8540.65,-8756.51,15390.94,-7206.66,-43120.00,49684.21,-5367.25,-18800.95,3573.09,32541.07,16976.84,33625.28,-26119.26,-4796.67,17591.98,57318.91,1833.03,25610.02,41631.39,-17382.80,-22125.48,-29837.80,-29548.29,12465.55,-16128.97,3743.14,16756.28,23453.45,9554.41,-28631.71,-38235.99,-53864.16,2556.07,12285.16,37646.89,-16813.71,-68802.50,26534.07,-53371.31,-1314.52,23837.81,8905.75,-31544.88,29140.68,19732.60,-39649.01,20363.46,18105.65,-2449.04,-93878.04,9781.95,3671.48,6996.70,377.25,41109.94,-35002.46,-24828.14,62341.52,-12432.58,57679.80,1583.85,55555.52,-18737.51,-2047.35,-46229.23,47751.48,63619.87,-40596.86,-5690.17,-20350.44,47181.35,-30372.90,3752.46,-36061.96,45684.44,19454.57,22209.73,-15648.30,-1048.55,-34544.22,31377.27,12591.82,11685.08,58325.71,-1201.73,33200.84,-6324.97,32094.68
-48851.16,-13040.82,86018.33,32067.19,-6540.18,-46355.55,-1413.57,5627.61,50488.22,27890.75,7787.49,-27297.87,9673.58,-51374.62,11862.74,27754.38,-5165.24,9980.46,18080.15,32438.29,47079.15,-23798.99,48419.16,18340.79,-44239.30,67792.80,-10020.50,2664.87,2691.15,24552.02,-15559.45,3206.80,42696.82,-24540.79,69787.59,79712.66,20617.52,44727.42,-43410.38,-1374.79,-43858.61,-21131.45,16665.44,-35720.90,-54092.32,-63655.40,48208.02,33774.94,-37133.87,-14301.11,-77296.73,26885.55,80247.39,-35284.77,4526.16,26996.11,41131.86,15170.95,-8564.31,-10370.24,28691.40,-1415.24,-46461.05,4486.05,-3355.76,-40766.47,20994.11,14510.78,-12728.49,23452.76,-40500.59,-38605.55,-31157.75,40422.84,41830.66,28793.88,4925.39,2437.12,-19458.78,-17539.84,24386.07,-11364.09,-43817.99,-7653.45,56734.47,-20797.71,43508.04,32899.60,32698.49,-52054.08,26738.92,-23114.09,43014.14,11037.92,10970.03,42572.19,230.76,18591.62,-18466.84,37281.18
8549.00,-71801.57,2350.62,-25987.87,60221.98,-23681.44,35998.55,-86293.50,53057.10,26011.33,17343.16,-10609.29,34094.09,-33007.95,-7823.31,-20484.20,3268.59,-76030.47,11588.38,-33478.52,-20084.02,12119.72,11822.40,8206.99,25275.78,25611.24,7033.07,-21054.08,-41441.67,11328.79,9656.14,85588.27,59358.38,-15322.37,64138.65,51045.16,42059.66,39924.61,-61433.26,9755.04,-67781.45,-10510.14,-23057.22,-38844.30,-62226.41,-9208.62,78949.16,53372.64,15191.09,-20759.91,-120524.33,-25617.04,-19151.29,-29910.62,40926.29,8930.41,30481.65,-24404.15,67251.77,45049.55,25710.26,29165.70,14445.97,29428.09,-27380.04,178.49,37986.80,12695.48,-53203.84,-2840.93,-5529.10,26849.03,25907.21,-1855.42,19830.57,-7633.17,12317.26,-32675.23,-3114.07,4490.19,-49900.02,18190.53,-13575.10,-65650.33,-5677.65,-5353.29,-6243.77,25998.00,190.48,18108.03,-13151.90,-21843.03,22124.73,4919.45,-10993.77,-48419.32,-5319.14,-548.82,45570.76,-15946.74
38615.73,2336.89,11211.28,-3003.25,-44891.37,8799.82,13804.31,-31746.65,16173.61,50614.80,-56710.55,5918.90,4700.60,-8125.24,-37667.86,-6068.06,-35237.96,-18501.01,-25137.55,-38084.31,-28704.22,-64009.89,-80242.70,36194.41,-9026.83,9538.92,26757.78,-31461.05,-28434.55,25003.94,38114.35,-19369.48,377.62,-24302.69,51692.21,46677.07,3255.06,59761.52,6685.01,-12200.51,-37494.67,-21585.58,-11039.81,22286.80,-10151.19,-35475.11,9427.52,-5110.77,1678.00,-47425.71,-43851.54,30257.66,20003.24,-27833.43,-6414.09,-30539.29,-30674.14,7575.68,23735.59,9716.10,-17883.46,43227.79,-36639.38,15963.57,-4770.99,-33959.51,-25768.71,1099.08,-6125.79,42799.57,39130.85,-17198.43,13466.72,-24995.70,-33299.21,37004.77,21207.26,-26405.47,52268.02,-18014.39,-41383.95,37093.99,-39022.34,-30059.34,16282.74,-8135.47,9056.01,-209.83,25555.52,15910.57,-71152.48,-3710.28,7738.86,-14963.24,38126.49,27325.09,-32638.40,-50291.47,28624.35,40868.32
2932.88,8524.99,-31611.90,43931.07,-9376.85,-18640.57,12060.59,-35579.46,-1550.08,10493.92,-18061.75,-3175.20,-15981.32,-33715.00,54795.00,25922.40,-689.67,-34795.91,-20056.77,13840.98,21388.90,82222.99,21676.68,60172.80,-11775.01,21782.79,-973.79,167.44,19222.55,-8812.06,-2055.99,49.19,-5680.89,2961.27,-7238.35,15238.53,13079.33,19131.54,13016.16,25754.72,-5847.88,-4232.95,-35701.61,13407.52,-23705.39,-40033.12,-74045.84,-27971.79,-2592.50,-30213.96,-16916.78,13215.07,-39283.94,17673.26,-18318.82,-37849.76,48394.15,-690.65,43817.76,19705.49,21267.57,-52420.61,17286.37,10998.22,-22040.90,13120.84,-37916.22,-26479.28,-61426.50,-30864.46,35163.62,31123.40,16711.60,55193.66,35657.20,10669.97,26372.05,46145.68,13186.00,-3678.39,-5950.76,-21148.08,-13258.21,6215.34,-41796.42,-37640.90,36477.08,-33298.52,17254.15,-3157.53,11211.84,-73730.34,-37364.80,54679.11,-14362.99,22622.03,47857.33,-15167.16,-15670.29,-7359.60
11671.86,25971.82,20765.16,-32236.05,11683.11,-5796.60,16928.69,-11598.93,2137.23,11885.59,-15093.63,15911.51,26117.54,14035.32,59449.69,51684.67,50390.68,53299.45,-14926.26,-5805.42,-10870.38,9321.87,64447.95,68955.85,11278.87,59280.27,-15066.55,-11776.87,-7246.15,-68.80,366.49,56336.62,19914.71,-1261.15,-7613.71,-32274.16,11797.21,-43626.75,-68779.47,-15514.57,35677.62,60665.12,24512.05,33410.10,74760.39,-56478.16,1726.40,30375.98,16153.37,-21869.73,56491.88,35609.20,59593.72,-24671.98,27725.03,-60307.07,-38949.08,-41516.47,-16959.40,-19070.80,25210.99,-15216.78,-14958.13,-38655.76,14189.20,11771.50,-6692.56,-16901.84,16808.02,22244.58,-52122.44,-258.82,-53217.12,27298.01,-8904.17,-30532.28,12178.06,-41789.54,-48738.51,14933.84,4450.53,15239.74,3403.84,-54480.14,66365.78,13432.02,-1357.38,42723.37,-1518.95,-2933.30,1712.61,-54168.59,36673.15,5916.75,-40690.28,45034.30,-18229.32,34721.99,-17708.63,-14278.27
27861.60,13645.50,2298.04,19061.36,19196.09,-67772.05,61942.88,24414.38,-29004.81,17860.98,-23925.59,58185.45,-29608.04,21227.01,30454.52,30046.89,-85512.86,-40554.46,73063.57,34194.74,-35461.74,-22952.15,-17720.43,60244.82,-8558.65,49525.48,61008.40,-38939.50,-76282.59,-35583.84,32404.72,-45624.85,-121.78,5318.21,-15025.54,-49722.66,30040.96,42994.91,-253.23,-10919.64,44860.22,38279.01,-26457.58,-2564.53,32143.04,-10858.78,10121.64,-26917.46,1582.39,-29907.60,-10517.72,-4300.00,23045.39,39401.37,-20769.99,-58412.92,13281.71,-8488.31,-21789.78,48032.38,-38683.81,28186.37,-21769.65,-1935.06,43908.77,-947.33,26357.29,-57141.91,7164.47,29894.66,77135.06,-5303.23,-27115.13,53471.37,10398.22,40519.00,19023.71,-28608.47,-49127.55,-4705.13,-37682.40,-15399.10,-27567.19,28328.03,-10541.84,-4757.67,43316.03,10792.88,1972.20,-13629.48,41344.20,21515.06,1006.51,7381.82,-10561.21,8260.49,-24550.18,4888.49,43882.59,27578.11
6599.78,2794.28,9863.30,12911.31,-35246.84,-46545.42,-581.05,-5282.51,42806.11,-31865.82,-17685.51,-9984.07,-20104.11,-1102.13,6569.07,18655.17,-12038.10,6857.85,-18934.57,-5092.01,11545.07,23907.71,2612.70,34087.76,-17223.03,15625.14,-7221.69,-56816.04,3366.90,-95.23,21585.43,-14574.66,54140.33,20286.00,35645.20,5400.97,21911.15,3547.33,55359.82,-9694.02,75115.99,-47463.57,10317.95,39939.91,-41210.49,-19368.26,42607.74,-18528.49,-37694.15,-21093.46,-18995.47,6561.43,-28185.27,-17776.50,35303.03,-4641.81,-9331.74,1581.12,-5689.03,45565.04,-2121.06,-8295.43,4956.38,31459.88,46211.54,40627.66,-43793.75,-60974.08,-72494.73,43636.18,-18508.21,-7486.08,68704.38,57848.46,9086.89,35607.81,14580.58,11773.42,68184.01,-20940.75,-16206.30,-27536.02,27429.40,11577.55,-63840.34,17425.74,28254.58,-7200.09,-9022.27,15672.01,10032.45,-23807.11,15477.48,13102.55,-558.62,17744.99,-18399.94,59112.84,33988.92,73885.33
-25824.49,15168.06,-32110.42,26417.95,6249.07,45543.36,4129.69,-20383.01,-13863.00,-25849.26,-12980.85,-43177.82,24151.69,43674.73,24344.69,3098.46,47534.94,73505.73,-12027.95,-33107.62,-6199.62,-5703.80,-7073.33,40360.18,29695.17,-552.91,-16530.87,9063.90,-20304.38,20093.34,-9611.94,195.90,8327.44,-8597.45,-29992.17,68811.48,15476.74,18952.62,-52485.34,-29423.42,-9328.11,-24251.96,-2363.17,-17285.87,22392.06,-24339.06,9383.49,-28891.38,19929.97,-23330.68,-4848.01,16648.28,72182.62,-29675.65,-29629.70,30097.18,-16157.84,-13162.59,13114.43,-28657.22,9074.61,-51280.73,-16514.39,829.82,-23002.68,28503.33,1591.71,-30339.27,-11723.47,-32678.90,-2316.67,-558.27,-7911.02,-12234.80,58.09,-4846.80,-52744.75,1294.35,14640.45,-30318.51,35152.25,-29156.46,-895.13,28205.48,-16689.53,19477.67,16800.89,-1436.93,-698.28,-5687.79,-25960.06,-9831.78,47549.45,-14525.89,-28603.39,-47905.44,-4497.22,-29472.21,-9220.74,-5699.00
-31417.52,-63034.86,-1920.24,8204.33,52094.95,-59927.52,-32056.15,-35407.51,3106.06,3833.14,-31612.57,-32964.47,-22242.26,35077.40,74703.62,36772.69,17260.41,26824.17,71739.93,28549.71,-7806.83,-16852.89,53794.36,-16705.39,-24484.52,91962.94,17334.30,-20894.76,-47292.41,39927.05,-11502.12,4699.19,48307.92,61795.30,2357.93,51311.20,4959.21,21715.47,-45849.18,24649.45,19765.08,-14616.88,-45225.46,-22306.02,34454.14,16977.18,38405.77,45032.86,10744.07,997.83,41253.18,82857.38,12992.58,10261.29,26779.26,29450.17,50011.35,6182.13,22238.05,-2920.63,23293.90,-51676.37,-17876.41,47424.67,-2980.86,4587.26,-75812.36,-46079.36,-29129.77,-66624.92,10873.95,-43054.41,-18146.86,24742.98,-24796.10,3618.80,2201.77,2974.31,-65811.62,-24515.35,48627.94,17901.85,-21429.79,-63246.17,-1405.89,1639.87,42992.55,34742.86,-454.19,34723.03,6890.98,-66776.63,32924.49,77772.82,22912.07,3621.06,13537.91,-32968.04,-9709.67,3889.93
-11957.92,-19747.53,-52386.23,40758.66,77997.53,176.27,-7878.85,4209.48,35972.89,-27059.99,-11093.05,-19997.78,-48513.95,-16113.19,7229.84,-42498.20,-37466.38,-3917.75,-70754.15,-4503.11,28977.40,-20113.63,5205.79,75934.42,42688.59,15436.62,36898.40,73727.74,-14662.84,16652.63,42124.61,36408.79,5736.44,-24989.50,-22569.94,-35543.81,-12819.55,-4522.85,-15846.78,-38045.66,-13878.51,33502.62,-103206.75,31875.49,19239.35,-23069.99,2082.44,-3533.85,-20662.17,-2194.89,33094.79,12017.08,25296.72,30929.03,36864.12,13930.30,2064.31,46118.02,-30492.87,22128.22,-48902.31,-17644.04,36483.05,-17598.34,3269.19,62793.71,6896.75,40404.12,-17412.42,69342.41,-40106.36,54376.07,44241.17,-6645.30,-55015.23,-34864.78,-6839.65,26434.33,-49628.01,-68662.25,-5656.36,-81880.82,-19768.33,-26255.63,-2278.07,-30233.72,6226.98,-31820.52,-17417.72,47380.75,21254.38,2687.81,2199.43,32866.35,103.79,-51501.48,12949.90,-19368.14,13201.56,-22889.23
31570.44,-38611.67,21536.69,6166.84,71169.95,-34794.96,-13577.06,-1674.35,5090.11,75472.49,14344.81,3137.79,16993.40,24632.58,-45109.74,-14259.14,22558.79,-10010.13,55547.68,-2164.25,-42419.94,-8946.01,-32563.07,5171.50,18188.41,21082.47,4758.45,6064.47,-26499.11,12801.57,14736.23,2276.20,67953.27,2540.52,-12248.11,-44959.76,20101.53,-39038.43,22758.95,-27131.99,35811.88,6434.86,12388.08,-49416.16,26167.87,-19692.39,-39925.14,35547.42,31167.86,10678.15,42090.92,-18720.79,-1334.96,-34897.59,12239.58,-60990.84,-32890.99,-49658.86,-13627.67,-26669.29,-22554.11,28682.44,-40063.36,14754.06,51608.18,53352.06,102590.54,-26701.32,-14935.01,9881.66,4016.06,22870.23,32868.93,21179.23,-34125.35,57271.12,-15673.08,-15886.90,16604.66,-7593.50,-87200.61,3674.93,-16928.95,-16985.68,-25442.37,-22009.42,-24112.38,-6181.54,-65522.11,35059.60,14100.95,-54022.70,53707.48,4756.28,-64057.48,61435.84,-6554.13,36491.01,14341.88,55073.60
87196.93,-26956.94,59330.23,-9721.18,-30985.60,-27585.97,-53333.40,75722.02,-9837.56,-63577.09,-5678.02,-44985.31,-19549.29,42061.91,3617.56,-2557.91,5352.75,16049.45,-9414.31,39602.54,-12443.54,-38478.46,39663.39,35917.79,29260.39,30517.62,23252.01,-3352.75,18502.12,-30738.31,-3569.07,-5009.88,-61428.92,9522.91,54173.87,25473.63,22672.37,40475.48,-24043.13,-87434.59,-13467.71,2262.55,6045.28,15646.12,10150.67,-18108.67,-51065.14,-21874.51,-17616.08,-3270.79,73672.38,93429.55,20178.29,-46557.14,-36213.75,-6089.32,-6888.83,-31539.41,-83626.53,-17680.17,23101.52,35008.63,79952.64,2040.05,20669.00,-55668.57,62129.79,5371.13,-43794.03,41312.07,1504.39,-29351.37,39462.50,-31566.25,-56107.86,39472.30,68753.55,-45459.37,16724.44,-15875.13,-4441.77,-47669.59,48873.67,-32339.60,-31587.31,22375.08,23372.22,-36260.32,40313.84,47586.96,-21726.81,-7382.72,-15196.19,44176.04,-13496.11,9704.22,-1919.88,1857.93,-32457.57,-26347.56
-11370.35,-6713.33,-16674.44,26060.98,30030.71,39823.42,-93868.07,-49533.94,40061.68,-76941.62,-63587.50,19223.69,6762.51,38379.96,13284.42,56304.28,41521.26,-20250.48,-23202.93,-25406.32,-28774.44,24007.03,31000.87,-23082.84,-18677.15,-29217.83,33478.53,-76205.27,-5318.98,-33320.43,17911.73,34677.21,35073.69,29005.25,26337.02,-15308.46,-5175.54,4440.74,-4936.96,29127.95,51693.03,-15058.52,42173.57,2315.18,14619.13,-37522.24,15954.47,-19085.22,51478.12,-41122.26,-69113.27,10116.21,-63933.53,11910.56,12332.09,6789.73,29652.98,-8522.56,58647.74,-46553.20,11100.42,13217.98,-16401.84,43931.39,-18926.45,14900.24,-37892.98,-57624.04,-48270.69,34353.35,-16808.94,-30222.77,14063.02,13623.20,36495.65,-50797.90,13730.91,-4466.47,31113.44,3000.44,6469.32,16151.02,-11665.35,17536.77,11845.54,-34519.59,38832.84,25710.02,3481.08,2628.62,-17608.20,4686.32,62511.73,12610.77,2396.63,-13640.87,19739.91,-22843.61,58244.75,18636.16
-52061.70,-73839.28,-46897.47,47548.13,51362.18,-15616.49,-53534.84,-42776.46,19990.57,-37271.96,-15207.10,7691.12,1545.81,7361.21,-16678.42,-40238.27,37478.18,-6491.20,-67173.33,-53079.29,-30552.24,-57371.20,-2732.57,-15395.50,-8701.67,-59110.61,-17748.19,30942.79,-18047.17,-13251.75,-64018.11,41419.61,26635.92,22192.29,3561.08,30136.27,43525.77,-51591.23,11310.15,-11101.20,-19769.16,-9292.51,-10820.87,-32311.92,-39027.14,-56463.98,14409.62,-28194.09,-2716.65,64369.75,-26196.94,9659.97,-32306.64,49329.75,-35554.83,-2150.87,-18592.27,-33617.11,11250.49,17683.56,49512.05,-38779.44,498.45,54861.36,-677.77,14651.73,28973.97,-26932.30,19325.31,-6922.04,35129.65,51736.89,-41431.59,6422.13,-19323.68,-18183.79,-46400.62,56416.05,9692.95,4220.94,20880.12,27156.34,36401.02,-26952.86,-5742.98,-40989.01,5220.17,-9542.15,-41.18,23175.36,-18136.61,-24363.58,62209.67,-14831.38,-12767.29,3530.59,-4722.85,1593.61,1122.53,18945.01
-37877.58,-17274.87,21292.89,-31458.45,17887.70,21216.83,30134.43,63255.30,76786.01,-18952.77,-43923.48,-37065.04,73213.47,3903.09,-72059.37,7459.75,-14627.69,-9420.61,-332.68,22347.84,11316.45,-17175.91,6786.46,-13322.43,38766.48,3955.03,25013.83,43298.54,-50480.89,37009.73,39051.75,-6386.49,-91257.56,58968.38,-25305.34,-23688.33,-66376.76,76504.91,24936.21,42660.84,52096.31,-19924.50,354.15,35833.36,16614.07,-24173.95,17623.83,4664.37,56599.64,-488.02,48596.31,-12754.45,-72622.78,-37860.80,-19968.89,-45480.78,25514.45,21311.62,-41693.30,-11018.10,-35550.23,-27869.75,51928.16,-72952.36,-35233.31,-38397.80,-6045.12,-15073.84,928.78,-67184.34,-76325.98,30840.59,77102.66,-20449.22,-59658.91,-6044.09,35231.15,-22037.70,-57173.76,137.94,-11130.88,10741.29,1342.11,24151.99,29098.88,-61315.13,-24374.53,-50859.32,66192.44,-89772.30,-11329.83,-10352.73,-28422.25,28242.05,7179.87,13789.41,-26781.62,-80819.00,14187.19,-7884.73
-14957.57,6648.12,-24928.26,-6017.18,-29338.83,55828.95,-54619.00,54747.56,12003.52,-6667.67,35463.23,-31302.00,56371.88,-10871.24,-14847.43,-21313.61,15591.68,45730.07,-25246.57,-31462.10,-17314.02,-1151.55,-17347.37,-30139.31,-888.97,-60252.33,8499.99,62000.73,-9757.38,39014.34,-20161.31,-9862.46,-18017.29,-44956.72,11027.38,8428.45,1919.22,9744.39,63779.77,14838.60,12459.64,-7041.94,-54767.42,-25216.56,-12856.56,-20566.77,28052.23,6018.98,-55390.06,42524.18,-17156.79,-87719.92,-32072.94,13073.67,-64680.82,45120.53,29273.15,32007.86,18172.27,-18452.49,36498.86,-56636.75,-17096.03,3451.09,-33947.79,509.13,-25100.35,-17062.26,-9391.59,-27190.46,13995.45,18531.47,27142.00,-14170.26,-6508.99,55718.57,7042.14,-27222.71,7207.20,3329.40,-25648.41,74194.92,16185.44,15717.10,-44600.23,30905.76,7877.43,-25592.96,-14707.36,-38966.30,-18663.65,-30369.74,-18474.13,-35487.90,-10932.48,12124.45,64715.55,-33530.95,7293.60,15999.12
47058.01,-8137.59,23687.09,-18128.93,-26578.97,917.34,7274.72,10857.00,18230.41,-6072.22,-37109.93,34757.10,3620.03,48939.66,13850.80,-3271.91,-22168.41,15631.42,12353.56,-61376.85,25850.39,21255.94,24906.10,-54921.68,4085.75,-43929.44,2250.95,15665.96,55320.18,60992.99,-29299.23,-30542.44,31288.04,62965.48,16060.82,-36930.62,-28647.50,-3090.74,56950.02,15743.30,9632.15,-47504.70,-10950.87,-7697.37,25072.77,-10360.89,53366.07,-9883.83,-50993.98,49747.49,22189.77,5880.54,14984.91,40165.00,6703.84,-45480.75,-21952.35,-2328.83,-21972.91,14184.89,-46176.55,-62360.72,14098.39,36615.39,51929.55,24444.48,-74423.73,-49355.94,31266.16,-12882.93,54272.41,-27073.05,-39316.65,-32353.95,17663.28,12370.39,10984.26,65565.77,24562.39,4666.58,-24803.04,-7032.59,-6700.51,-14351.29,8713.61,47532.93,-19004.71,39775.77,-69255.73,30568.57,-6212.39,-31652.31,10638.20,13358.79,46117.55,19788.41,4128.72,34202.74,14276.26,74130.02
37342.75,64295.98,-33775.77,-28567.68,-35552.19,35974.40,2874.71,8127.68,-23505.12,-39327.05,11302.99,-8056.99,34837.95,-16794.07,3138.25,19673.89,13294.92,33926.92,4093.31,-22738.40,-16861.03,-12748.59,-19192.45,-51591.02,-47412.27,-32668.98,-73783.67,-64395.61,12164.42,-32108.53,-29443.82,10349.50,-8902.04,-30630.78,16044.84,-28733.42,-23379.58,-25317.60,-4319.24,11302.53,45186.45,56263.21,41784.51,18579.96,35960.58,-28438.58,-13540.01,-25277.64,3723.54,-5571.48,14810.22,-36006.06,-31290.33,-15888.75,-54156.41,9033.38,-5424.28,-40798.57,-34229.73,-19085.97,-21755.91,26681.17,-66576.68,-44481.86,72174.79,-871.11,17248.05,15501.53,-35766.79,29454.57,-1912.87,-27230.34,-14036.27,14483.71,3789.30,40962.17,52364.63,-46159.37,59280.36,35638.98,-19240.96,-21290.96,41483.53,26877.20,1308.75,21050.43,8489.91,-19932.16,-5243.75,9752.22,-1471.46,46374.05,-13294.82,-43081.14,47496.43,15981.35,-23890.26,22419.19,20764.03,3096.34
-12436.18,-4153.97,-13966.62,17201.16,29022.29,9467.92,-16725.82,-36724.63,31492.39,13282.87,41778.65,55549.56,-10537.43,2682.81,28220.41,37353.37,-34953.33,10771.69,-35377.39,90539.40,-29752.13,-17198.64,-41639.34,12491.15,2265.74,30745.09,11636.20,41194.48,-62411.17,-35895.41,-46844.69,14080.77,4552.42,13378.71,-9253.60,-1455.96,-9346.71,-30907.61,-4068.57,-16914.80,27090.70,17414.15,-6633.74,-26965.10,-27533.99,-33357.97,-8809.06,18420.80,-29019.12,-13835.41,18559.08,-30313.80,-7102.56,30499.64,11730.50,39606.42,45125.75,51756.03,41042.92,-27512.87,111.85,-8268.48,12517.49,-17864.38,-34085.85,-11831.45,53376.92,27748.51,-5231.76,2298.68,12116.12,52316.29,-30100.81,46393.61,16366.33,-15013.16,-2916.06,17399.56,-4954.04,-14228.94,-33357.88,-16911.60,-7527.20,-33058.41,40257.38,-43302.59,18257.07,7044.86,13586.46,-341.12,32930.24,16395.63,-26501.65,-28720.40,23380.65,6059.27,7423.19,-12965.77,25940.41,-253.13
-12690.19,23169.27,23711.48,33766.86,-9643.16,-5916.63,49340.49,-91867.06,-92206.83,56084.68,-39644.24,38841.87,7546.78,-42846.86,-23260.36,-39800.75,5963.00,2556.33,-13903.61,42127.35,17568.73,-4126.33,16476.25,-29093.99,21855.26,-40621.10,4585.90,-17726.73,-921.32,51790.43,9773.95,-2550.51,15918.23,44066.97,-31647.41,1329.40,4293.11,-1844.18,-7284.12,67501.80,15613.76,33266.90,-58901.80,-13485.28,28097.02,69078.68,-19723.35,-14425.23,-8675.33,-4231.96,-12520.57,-30968.40,-20892.61,20686.46,1669.03,-4684.36,17197.44,-7959.60,-2246.21,18222.03,15383.85,-45724.93,-17315.82,8580.33,24690.18,25004.10,-61265.51,-9909.75,-37524.26,-39109.04,11288.58,-14842.49,7512.74,22278.00,23305.16,9594.32,20160.50,-60400.02,18202.33,-25049.42,10008.58,13243.03,-1023.42,-34491.18,30921.76,64011.98,-13259.87,54422.42,2397.32,24959.16,67162.70,-20341.80,-14718.96,-1011.89,-92520.40,-62310.39,-47392.27,-3166.59,4430.32,-30495.89
-3702.78,63173.50,17657.04,-1394.16,31134.15,-76946.05,-21405.45,11527.01,-12834.04,-24258.29,-40968.12,15584.29,6974.81,37626.07,28649.01,-10458.56,-2648.48,16971.06,67104.32,-14783.71,-50808.60,-1150.53,53746.97,-45411.16,-58619.73,-19481.80,-42097.29,-320.13,30315.12,15659.81,-19969.68,18998.42,60567.85,50445.71,37439.19,36127.31,-53713.46,-3882.05,8173.29,67407.05,16867.15,-46885.20,52567.89,-110288.61,11003.04,-17090.21,7630.95,-19121.59,-7646.72,27370.76,39232.08,78599.43,42273.35,30351.17,-20394.38,-12924.47,-20516.65,-40334.84,-24156.47,-61213.05,-32276.06,-3128.43,30645.41,35123.44,-2154.14,-22979.90,-50740.12,-73186.46,23485.01,27422.29,-57963.19,-20216.09,-58252.39,44003.59,-25361.63,39746.15,-16005.43,16376.18,-16726.96,-20797.63,17203.93,33752.16,-10613.48,-2642.57,9607.58,-70348.07,-25781.41,26549.71,17872.96,34302.00,57236.72,43025.44,-66275.75,-2815.19,6009.09,60008.82,-22736.41,7947.87,21656.62,27306.50
4517.16,29914.24,54079.79,-48300.85,5701.20,22902.07,30046.74,22148.68,31139.33,22932.60,35399.98,-62583.66,-40069.50,33614.68,-47876.14,-52807.05,21281.68,-7459.91,44476.61,48320.43,30239.55,-24762.10,67803.68,34628.78,3074.41,854.95,42218.85,20665.57,1985.63,1239.09,8759.09,75168.95,-42908.20,20356.50,19210.22,45888.21,3646.56,-2658.44,-41288.53,19368.71,-56229.30,22646.95,59251.36,18579.39,-63898.04,-7315.37,-24978.86,-7109.76,34680.20,-30150.41,-28936.67,16690.83,-22791.85,-19128.44,-4091.37,-22898.74,-2577.43,15023.61,-23390.71,-53769.26,-67735.75,17967.71,-12961.75,-7918.26,25918.33,40366.84,6589.05,-54579.13,-7535.38,-16027.79,-11191.35,-10636.76,6726.65,-10005.98,45320.52,-35432.95,-41938.91,33172.61,-29035.96,-29640.70,-23560.69,12902.17,-16021.18,49188.83,20301.71,-30785.83,-30943.69,-35025.86,-14451.23,-17246.45,40181.68,-11595.10,10117.96,34351.77,1395.45,-1126.52,-62567.07,-87357.37,31148.94,2865.41
46989.46,11371.84,-9754.26,-35168.53,-76876.48,42468.07,45860.60,33843.57,13399.46,10973.15,23160.38,-29796.60,24619.58,-24845.38,-35772.12,-13387.56,2128.96,-25458.76,-6763.53,-7716.95,8672.14,-68624.41,-89821.43,32411.00,22450.14,-44642.86,-11041.75,32099.71,12830.58,-12410.87,34106.32,-6452.80,8342.77,30963.38,9375.46,21720.26,14159.79,55794.17,-14829.01,-31360.73,-56278.24,58163.56,-68046.47,-20391.67,28439.40,-24554.91,21388.49,-4020.07,-36531.82,-21527.93,-1449.04,-53334.89,2768.94,-14439.08,669.96,-5244.65,-25669.69,42850.93,-87730.27,81359.57,3394.29,48945.22,-21743.56,-17450.47,38341.95,-18454.22,24122.80,53755.50,22932.80,-14938.29,-39006.28,-23237.94,70553.26,-18781.68,6314.60,-21145.99,-29078.72,-48354.02,-47783.25,21001.60,50960.84,-39433.41,-23439.87,-19607.40,-38424.73,5917.82,41832.43,-27743.65,-8772.41,-9031.24,-10663.07,-76634.73,-83996.41,1921.73,33180.17,7215.34,21099.07,18433.22,-41400.75,-3799.66
-15068.95,-3451.08,-38097.82,16177.02,-4432.19,22586.51,42323.22,-77111.80,55495.92,-56112.40,-36124.89,-64.02,-17272.02,27622.19,24453.76,15629.54,-11275.42,-24769.70,-63608.75,-50389.70,12157.19,-17129.29,-8836.22,12403.04,-25386.97,-6805.14,40310.61,39246.40,26246.53,-7561.75,10349.59,66205.26,-978.96,22471.88,-48985.04,32201.24,3744.23,18483.46,-31218.04,11469.77,-33488.09,-39288.77,-12569.40,-57327.34,24568.11,-18620.50,42798.45,-9264.37,-11412.76,1881.69,-40848.54,-12605.80,4201.83,21449.40,-4990.01,8869.25,-33653.37,29220.03,20424.62,21955.50,-4666.96,13286.11,27944.80,52886.17,-60393.67,-17516.55,-43220.12,-17344.14,12474.81,20823.32,-11295.11,-31298.94,-22432.08,-180.01,15058.43,-41417.15,-13967.60,56177.14,-17130.74,-7330.85,12468.74,-16235.50,33989.85,-15754.98,-22052.14,-99520.95,21397.36,-6769.29,21939.46,-37256.16,-9711.82,12622.53,28469.04,4660.75,38070.54,56841.36,11269.51,-31970.15,-14708.22,55462.02
-23464.89,-41321.19,27823.19,8940.80,-25980.13,-5221.01,1734.57,-44908.07,8377.97,41091.52,-55907.56,10282.90,-22699.30,-61811.64,161.51,-7363.42,2916.72,-28911.95,-1436.16,34231.90,-33323.54,9914.89,-18435.38,73512.05,-9756.24,26646.00,15167.40,7874.30,-17886.79,5419.19,-5598.02,-3389.42,8280.46,75516.35,29121.99,-7633.76,23037.96,33510.82,-38664.27,4404.01,-36405.87,6983.50,29148.77,5944.63,-21534.25,15616.87,26095.98,11634.13,2640.20,-59469.86,-46857.50,-8054.14,85784.46,-4614.77,48079.76,314.32,-1375.35,4121.57,-14528.34,13449.90,1306.11,-12208.88,-34608.38,1725.51,-5774.71,41661.59,69176.04,24781.69,-33260.18,45938.58,10790.60,10431.03,17473.64,-25962.35,-1298.20,-32428.23,1177.28,43102.99,-2537.59,-5000.60,-58888.84,-5638.50,34235.87,-54598.83,34728.24,-6538.68,-2354.50,53220.00,-16621.83,900.60,40558.54,2694.10,74923.95,-41382.38,-51433.37,20625.70,-43062.09,-4298.78,-7334.54,29068.90
-21406.84,-17573.48,-20958.46,-55219.01,-17739.15,-1702.12,11489.72,4943.27,-17093.74,-50377.56,12567.35,33287.14,22940.15,-30516.15,-1975.33,-12043.24,-565.72,58675.59,-24315.94,-53694.96,-35388.51,43187.10,-27719.40,-31437.55,1908.54,-54530.73,-16601.75,9483.03,43694.07,-21952.25,-11903.44,-25017.56,-500.96,7163.26,-25464.05,-1622.45,16685.01,-5258.66,40662.15,-21904.48,77523.96,-26542.65,-7608.29,58512.55,-25835.27,16299.36,35403.36,-31538.22,11100.22,4087.30,50643.21,-25320.38,8030.28,-6481.18,29793.65,-8314.84,-16489.99,-27133.10,-22115.24,55336.24,57686.34,28630.56,64811.85,-38435.21,5164.81,4117.92,16332.71,23909.66,-7023.34,-52668.75,7711.09,15148.84,24764.43,-14158.83,-19882.14,-15069.21,-37169.48,14823.63,60762.48,-27582.89,-7331.19,51708.29,27275.16,13758.88,-3692.04,8415.39,-22623.87,10652.82,-6677.62,2761.51,-22254.21,17532.07,36801.70,68793.48,-17184.36,-28186.81,-48192.11,17893.70,-6210.51,-22946.39
14328.93,33626.39,-8309.82,-22932.31,-24170.47,-16106.02,-3638.78,17804.96,-32713.00,30861.41,-16531.21,13078.79,-43084.03,64816.95,49377.72,-30272.46,-69806.82,-9261.96,-34613.06,34108.54,-12299.84,7319.01,17615.17,53425.32,21909.69,6838.71,25866.95,34369.10,-44635.89,-25874.22,-19057.54,76132.88,15307.11,41647.17,13573.72,37514.41,39213.56,11820.64,56831.94,44339.55,-40752.59,-14819.66,12991.81,-24857.59,18639.38,21031.88,-1661.59,14461.10,10577.72,-8328.01,9161.78,44563.19,58791.04,26339.77,-422.01,-26454.39,-42138.18,-17394.78,21225.83,-9653.37,-9659.29,10069.39,-9750.05,76377.82,-46228.45,-13141.44,-38654.88,-52242.13,-3802.43,56148.93,21957.02,12281.72,-67988.57,-28142.76,-23052.51,-13434.61,39503.81,-15495.67,-46434.30,-4149.85,-10292.11,7364.10,-21562.23,9549.35,-23257.96,-16247.39,-7089.98,-7491.46,8404.95,-61937.51,-10721.11,-33678.38,3573.09,22821.18,53473.54,82056.68,11609.99,21705.61,7377.84,-11061.75
-10444.28,30612.34,-7696.61,-4818.99,-19221.66,13458.61,-16394.47,8528.72,-4247.54,-12131.83,26813.35,-33376.10,47269.65,14888.64,-72064.41,-99106.66,48055.58,32463.36,-85988.20,13766.86,21896.35,744.21,-64291.61,8940.64,35657.17,-53531.23,-60944.33,-18339.23,-38336.71,29439.08,-10245.60,36403.67,-48478.72,-19119.83,1306.97,48199.92,-34124.81,15883.86,-11522.00,-2804.58,-18018.06,-6699.58,-3063.04,-14049.73,-16295.81,-35940.56,5684.00,2045.36,46335.33,60689.98,-27094.34,-48178.85,-72695.91,17647.53,-2458.88,-24880.16,45776.19,37542.70,-27285.61,-20204.44,-6609.96,-46193.00,-15754.17,-25546.35,3540.19,35159.87,15490.80,-87932.50,-63848.05,-213.74,25735.05,-19789.05,34097.15,-18527.00,11169.09,-33371.94,-470.61,-71894.22,11553.49,13507.42,28836.18,5850.67,-921.25,22899.91,26539.40,46838.94,2302.18,-36745.27,-9331.76,-34800.95,33940.84,-20959.04,12032.45,449.19,6965.89,7852.21,-10378.95,-21427.85,17361.89,46848.40
-18281.08,-43175.31,66957.59,16012.33,55602.68,-14843.54,69402.62,3801.05,-15999.93,-15188.24,6867.98,11991.86,12753.77,39578.46,-2252.53,15266.57,30486.56,-14321.09,23839.73,24848.46,-21710.19,46829.27,43068.30,3498.32,-42575.94,-7384.14,-43325.95,-15329.30,8571.26,21528.62,-19105.74,-19298.66,23646.02,27220.45,-23885.56,-22475.13,25374.13,-15815.38,29862.49,1458.83,4880.26,-9987.41,32768.11,1708.42,45789.50,-35347.86,-56634.43,-13949.47,14331.72,6273.28,33580.41,28746.63,-37394.14,-37598.01,40558.56,-47194.78,4451.56,-7960.87,-19770.53,44759.93,-4467.97,26493.04,83360.99,-49862.34,-13950.49,-22801.10,27717.44,-38061.04,16169.23,-24616.24,4260.66,-7802.34,3716.16,13199.49,50958.15,34786.79,-2221.71,-6407.70,-22831.81,52112.26,-33661.70,-65227.61,-30984.19,9291.50,45712.99,-31720.38,23360.52,5201.72,-7062.32,-4703.48,38387.31,-2885.34,-5110.11,32792.00,-38634.19,22661.48,-33895.78,-33394.63,-11082.31,23653.22
-24459.12,60235.22,-43967.68,2281.45,-10841.80,-64748.82,-42562.08,45247.23,6445.04,-51090.25,-1924.26,-24110.56,-12662.75,-15101.75,48283.91,-6847.38,19672.49,44411.75,-22220.29,-31310.17,58117.09,47735.69,2094.39,18220.72,-44486.84,17112.31,-11931.94,-8055.81,-9093.78,-26106.73,20145.83,1064.42,-7054.97,-50300.52,-31597.62,-24752.04,-33869.99,49947.89,4301.65,-23062.80,-8586.90,-14879.85,-62955.67,29532.55,6599.56,33016.87,2575.40,-47728.38,-23850.28,-13977.93,22174.83,41128.38,15984.75,44364.57,4194.03,23449.09,56239.01,47199.28,-15293.48,-35565.69,-14663.36,-40687.81,5590.26,-11654.94,-71148.94,-28372.26,-58805.73,9198.00,-37229.53,-18242.28,-15083.91,50572.79,-32817.62,39212.23,-22506.29,-28542.98,30284.07,18276.71,-38920.95,16125.78,39561.17,-44291.54,667.49,34039.60,-65935.29,-17710.03,15191.19,-58225.53,26931.31,7002.96,22184.53,25622.27,-6423.32,57208.55,62095.41,29750.21,53862.16,-8167.94,-34998.17,-13486.12
42616.34,10711.00,8496.19,36640.61,-18810.32,-52991.78,30923.49,1274.72,-15016.18,24754.90,-20062.57,18639.36,17573.63,38882.52,2107.30,-3522.25,-24527.42,-6861.93,20476.35,-29097.67,-38429.45,-36438.43,-25499.68,-5790.60,31389.66,38972.87,-34371.09,-8004.67,-19810.39,15288.38,31817.53,38846.23,-9041.73,-2510.17,31100.58,-12179.30,38086.71,24143.70,-12379.02,-26980.16,-5731.40,-19481.50,-4496.92,-76206.86,-28040.92,-38924.61,12822.93,-33293.48,-22403.66,17043.50,-3454.38,72017.05,929.75,-15606.04,-76553.48,1305.24,-2681.63,-30375.06,-13462.91,71539.78,6365.56,10475.27,-8678.74,43219.33,5263.62,-43966.07,29357.55,-23527.36,39253.78,17557.37,26202.88,-19096.18,-20782.95,44734.93,-21962.99,44754.36,-43374.85,71866.75,-19538.93,-18509.66,-36462.21,-4787.88,24725.67,-24172.15,-27894.85,-46581.73,35621.45,6255.37,27665.15,-43474.46,-61260.23,-21607.23,-18325.91,-26422.31,-1233.78,20515.08,-14412.82,27849.04,-27207.92,4223.80
-31440.54,19095.50,640.31,2715.07,-9197.09,-58594.52,10593.78,11116.07,35037.99,-1032.74,2363.27,-16160.44,-32559.20,-5223.12,30030.17,-78652.76,37313.27,31789.73,-665.80,-51978.77,20538.43,22670.28,-3717.11,46019.97,-16091.93,39471.32,-398.09,44734.61,26228.59,24420.03,1993.34,28339.23,6391.70,-18179.64,-40333.65,2571.37,32051.91,25443.17,4522.25,13781.19,2278.44,10999.21,-68805.22,-32945.25,14439.92,35583.96,-6261.07,-24528.29,5092.79,42002.21,899.90,677.08,25690.16,41138.37,25783.87,25536.03,58790.92,-22461.73,24733.62,2937.10,10592.63,-16070.03,17589.30,-10004.46,-43385.42,-18245.44,24459.55,-32541.62,-14676.92,33155.31,7506.43,5201.59,78783.70,-22741.32,-36070.38,-48368.18,-20005.71,-14361.72,43963.42,-36025.05,16927.99,32596.41,-52813.26,55537.86,-12119.22,-15778.24,71995.75,-19164.24,-27274.98,23512.81,39890.97,-15240.72,5935.16,47678.57,-17350.38,-24682.19,-24768.76,23155.18,-17187.88,16674.59
-21107.35,-28647.63,-9392.76,26968.48,73545.55,-54386.80,12420.86,-49600.51,21327.43,18742.85,-15889.34,-13366.00,19024.92,13395.61,-55233.77,-6227.56,37590.98,-24779.00,14418.21,-54507.57,-30804.29,-5777.29,-41335.85,-90293.10,56729.97,-79543.71,-73074.64,-11779.66,28046.31,-34806.71,-4366.03,33553.61,-11350.41,6352.40,14376.22,-24053.82,-25988.62,-45127.27,-5977.83,55105.25,39937.13,-63505.00,40651.10,-22865.47,-66948.20,-12402.60,80242.15,2060.91,46797.08,14652.61,-10201.50,-24569.21,-34276.70,3369.73,8834.44,-59185.52,-45917.23,-71309.10,-1882.57,18686.86,68136.06,11642.62,52355.67,12489.27,65421.84,-48575.82,-24880.85,-30378.01,62451.69,1822.47,-18241.01,-14804.47,1117.52,-24730.31,-11703.93,35640.46,-50129.51,24671.64,13375.85,47725.36,28863.90,42119.38,-49531.45,19879.16,41527.58,-33321.48,24480.07,-25672.22,9265.25,41465.06,26303.25,362.74,-55154.59,35558.64,-63332.73,-61807.53,-34020.08,14158.66,15016.53,-2949.73
-3387.50,45779.93,-32772.72,-8175.10,-62111.30,-12512.10,29560.19,58989.82,-19991.42,64576.68,40536.09,-81331.09,16929.00,-3630.74,-66343.10,-7692.08,149.69,10977.95,6117.59,2667.14,-42066.12,-10659.59,-1907.50,3053.80,-18413.41,-19005.74,-20832.39,-14528.11,-15209.12,48980.69,27228.73,-8624.89,-15414.61,-20545.88,-11085.38,-61973.51,-50765.84,-9801.18,74378.91,9827.57,-4986.01,7258.96,-13343.24,-13089.67,-905.75,35048.84,-8981.17,-4798.25,-19418.48,7158.06,27145.57,-8878.87,-1446.46,5725.53,-26186.18,-9091.74,-24846.35,-16745.69,24302.81,-44669.53,18816.62,-504.82,-49862.16,46116.51,15099.21,50444.62,-3229.05,-14454.35,19249.14,-6337.00,34988.82,-13847.95,-24573.62,-21213.71,-37755.50,29342.34,11569.38,25968.91,5060.32,-35134.79,-12269.57,41776.37,6630.68,-4706.62,22521.31,3363.61,-28509.32,-44050.82,-24022.73,3543.05,24039.78,23981.58,26689.00,-42133.70,33900.86,41780.66,20130.11,-34451.31,7838.75,-48957.28
-12571.28,3858.71,-60641.30,-13945.78,9167.27,44409.79,-3364.78,8334.04,-62802.61,-29413.75,51428.75,-59178.13,18692.07,25493.23,-45182.44,-25044.24,10666.78,-7355.04,-3879.46,20192.43,2748.78,78997.31,23297.97,-95914.07,-41459.37,-125316.47,-64391.09,-26729.38,21489.61,-11895.81,-5351.24,37655.41,-26943.61,-10222.93,40876.61,-18767.88,-24374.16,1102.67,14063.94,-25233.67,-13139.90,-46231.38,50282.57,-59360.07,-15045.10,-31198.31,7920.83,42170.62,27059.33,7081.05,-55400.63,4514.85,-28414.52,-17955.48,-23810.20,35987.16,-17393.95,-67160.07,66464.48,1946.27,30840.54,10833.79,11618.18,31721.11,1831.09,45648.17,36125.35,-8897.20,22653.72,-9859.85,18364.16,-5845.62,36157.60,20944.49,40096.30,39477.45,-29140.73,28315.30,51076.97,-4283.14,-13716.79,-29579.83,139027.84,41701.45,7346.38,-16023.14,-1684.17,4974.95,-64987.31,-36230.31,-10448.88,90728.82,-14806.73,-85105.13,11184.82,-53867.02,-16483.93,61399.37,1031.74,5083.01
-81738.40,9678.47,9598.04,5722.94,3390.31,15621.67,-23604.38,-42850.66,-24440.41,-43331.47,23347.18,4461.85,6040.43,2492.74,15037.31,27415.46,-7214.66,40432.41,-32037.08,40243.34,-19829.00,21212.55,-4071.02,-10083.87,-25098.86,-13553.97,-42045.09,-25592.63,-33305.76,15678.61,-27851.81,-15006.16,26573.49,51846.01,-62171.09,-11479.04,-24490.22,11803.48,-1589.30,20161.16,58244.07,-45469.04,3535.43,-64821.16,41125.76,-3713.45,-25637.77,117728.46,-17078.38,34445.28,48336.41,34963.54,13354.99,22619.39,55898.17,16137.57,93051.27,5342.28,77796.22,-8094.04,2398.91,3411.42,-4071.75,9894.40,-41860.55,-15859.62,58761.95,-204.69,-510.25,-25270.53,17422.79,24511.57,6648.31,27969.03,29701.15,-59271.05,-2546.82,-18979.04,6486.76,22910.58,12717.17,38313.03,10898.77,9877.76,20901.96,-46404.13,-33600.46,99792.98,-22416.27,-57545.44,20457.46,7594.95,18342.44,6836.50,-32938.66,61300.12,29900.22,48781.08,14825.83,11402.10
-55718.55,-49705.50,-3479.12,72284.33,-31306.13,-60516.86,92415.80,10062.13,31685.97,-25194.04,-48629.41,-8870.14,5981.10,-17963.45,25235.57,30173.52,-34730.86,-29593.32,10563.56,17864.89,37084.45,34116.78,49989.84,8617.41,7057.92,-42607.78,-2113.86,68206.70,24426.26,-74699.32,5588.99,-1872.03,14328.89,-18099.46,27408.00,-11204.57,-4566.74,-27558.62,26212.17,11005.73,37181.91,40351.12,20351.62,3876.76,38525.31,5792.32,73112.42,34247.14,-33163.52,33601.45,19242.63,-51336.91,-39445.74,-6492.05,-40440.56,64487.02,-8849.72,-34880.71,11504.10,11523.40,29688.22,-75234.17,28741.92,41574.63,-10311.75,-16194.51,-1629.96,-22503.32,-22326.23,15823.04,10640.89,-9184.08,-45065.29,341.85,9470.91,-7907.00,29185.50,5962.58,-27268.68,-33615.51,-44214.18,-15955.07,-15918.23,41236.14,58536.30,-83376.74,26689.79,24239.85,13783.79,-37016.50,-42113.09,47250.50,43829.08,-39125.95,-3914.78,-30839.37,21121.21,-29816.29,-22665.71,-21868.11
31229.42,8208.59,-18363.54,-5599.96,-39721.75,-33708.06,-4980.46,16535.80,53089.60,-3998.94,-10263.04,16011.05,-89416.37,11850.76,55979.23,-40485.36,-52762.23,50167.24,1880.23,17193.16,37210.68,-17076.51,36813.79,-21100.47,-3579.64,19164.96,41225.57,43691.09,53419.19,2829.76,3784.93,21625.01,24186.13,11318.90,-14101.95,22406.10,23210.86,9902.02,-38493.27,7638.27,-3266.93,-9512.17,-23363.37,15157.78,-39463.83,47399.33,42249.62,29491.55,-6734.73,-13656.18,-1874.78,34859.33,29075.50,25135.97,17820.22,47649.95,13234.72,52707.80,-880.46,-33316.80,-41834.25,43349.56,44957.19,1710.05,-55085.80,-22921.82,17316.90,22324.52,-82251.64,54522.05,-76052.79,9898.82,36384.86,86189.68,-11879.98,-35506.37,-14002.87,11517.04,32488.22,-43914.89,-27122.39,-15917.21,10636.78,5953.96,-19433.65,-38863.22,-378.49,15521.75,23211.18,37908.28,-16172.81,49095.30,-3284.25,-29628.95,37970.87,1950.97,-39785.11,27782.03,-12868.20,-54514.23
30760.73,-17937.75,-485.99,-7142.95,40552.96,31659.13,-26076.25,2942.52,-19150.67,-4749.89,10228.06,-29072.30,14858.77,-4845.07,-54806.70,-2935.66,41189.81,-38397.97,74160.02,-12593.15,-1730.80,18518.63,-25141.89,-22688.29,48348.44,-33933.94,808.10,46547.31,14780.94,-5037.75,-11215.35,-53588.81,70344.52,-13181.03,1134.10,-25233.26,12499.71,8766.47,11892.06,1716.55,-10573.19,52316.09,-27069.37,1807.41,24235.56,15008.24,-41742.13,-6914.70,-41477.59,45299.88,28009.63,679.51,-27166.01,-19167.36,26822.19,26555.18,-42514.07,-4040.48,-40138.96,-3953.95,24258.50,36371.25,-318.22,-13860.19,33220.16,29711.00,8585.95,15336.40,-3818.05,-30369.69,32415.59,23648.61,30236.37,26684.41,9724.51,52127.92,48185.18,-8240.47,-51543.12,-38993.37,-66253.46,4725.85,-29701.02,27852.64,11565.93,-12929.72,4921.19,-75888.38,-57809.04,45039.71,19020.21,-23875.07,15947.40,-6202.52,177.93,-35204.17,41208.70,-7955.88,56630.54,-66225.66
-65114.34,35485.04,58743.92,-29525.64,-23135.95,64041.73,7217.85,1411.97,558.96,-5035.39,55012.53,-6363.06,10503.56,14805.08,-58632.92,-50245.22,18571.88,9151.86,-46704.21,18006.41,7597.80,-24258.70,49525.27,-40729.93,-40594.66,10831.93,12189.61,18877.44,13113.70,46745.69,-61768.70,-14072.24,-68687.66,16928.57,-3050.32,69252.77,31947.95,-59041.11,6580.65,40898.72,-46224.87,45680.38,10320.53,-6589.73,-29645.76,58726.06,-48758.13,22418.80,14038.99,11755.46,13508.11,-26312.44,-66741.20,939.89,19213.51,71015.19,-11269.21,-50030.93,38873.98,6255.40,4595.19,-24080.54,-23159.26,-10843.57,12517.95,-3748.36,-34761.30,49551.95,57589.71,-17604.15,16608.10,-26021.93,-3583.72,-27236.42,36779.34,5858.47,-26490.31,41136.02,-34875.47,-175.06,11597.28,31140.40,97312.27,-81870.53,13456.87,25727.30,-53223.41,-29118.79,-17783.48,-16255.15,24349.93,-26065.42,-13275.65,-15249.88,-29439.73,-12215.83,-126.52,-38590.86,-4367.45,-34530.54
-6941.25,12283.73,-38744.29,14768.27,-76714.55,-32213.39,-3731.14,38620.82,4539.08,-69705.62,-9556.36,-54209.59,-8252.65,-24761.68,-1047.44,72142.01,-9179.43,39501.56,27677.41,-20608.23,82649.48,64476.78,9109.56,-25524.50,-26424.56,-8055.67,13217.38,23924.19,93511.28,5789.05,-33076.74,-43677.52,19492.00,39630.85,-16677.76,5428.52,-35003.55,1103.11,9183.44,-55792.23,54429.86,3205.98,1651.47,-3473.75,1527.46,8115.51,24548.23,-10774.52,16575.96,-6887.01,61586.48,-24510.04,-52722.27,-44445.61,13684.88,-1232.21,-23952.35,-9171.76,-46415.41,-2257.24,5325.16,2578.83,3805.92,1003.44,-15807.50,-10997.49,41144.91,43651.39,-7696.62,-52201.17,-46212.84,-3086.19,14036.37,-44297.84,-33151.71,-34989.02,-29542.90,12743.54,31362.65,35850.17,24892.07,7229.08,22003.71,33409.38,-1156.88,-31247.06,-44442.16,12043.79,60983.75,-24588.03,-33127.10,49616.64,49942.73,42902.53,46835.36,-31101.06,-23746.84,-24889.02,-92010.82,-10899.21
-9407.33,32210.45,-94993.02,64213.12,-6850.66,-14836.92,56259.00,-14007.43,18904.39,38270.44,-38063.50,-5228.95,32802.84,-23490.28,-24244.15,18567.86,31644.53,19241.38,33851.32,-74279.72,70433.18,-61840.88,-69728.23,-57917.48,-43784.97,1547.19,35091.80,-11108.67,21001.10,38171.88,29110.02,-16651.41,17153.19,-54658.84,-17453.75,-13996.68,-3153.25,11695.25,-7158.98,35346.79,-29304.07,38658.79,-23951.39,-4247.97,-6910.06,50865.66,-36871.91,-80779.20,26337.08,36091.65,-40003.70,-11767.63,4636.94,-340.98,9249.25,6708.48,12813.25,17658.37,-11986.98,-16622.95,41342.64,61077.77,-74525.34,-7527.47,-29377.60,13031.02,11754.74,-6757.99,30510.47,-70458.16,-15109.73,18072.66,-22835.59,24328.45,665.96,-13530.88,-9528.69,24912.30,-21293.06,38281.99,39558.50,5390.00,-18910.79,43889.10,-4654.68,-5336.10,16194.45,9562.10,43402.30,49043.64,4474.35,52989.60,26568.21,-46924.34,27605.62,-45570.18,-23113.17,443.97,-6076.73,31603.04
-18745.22,-38865.22,26988.04,-5211.70,24819.06,7430.05,-9687.62,-3885.88,34501.20,11738.97,57032.05,-64947.20,11779.76,26080.51,8641.85,42942.93,-24170.19,32596.15,21612.02,-14763.62,-43937.89,-82854.45,-25593.56,-11176.77,-1641.81,-12280.40,-46744.02,38698.49,-13886.42,17301.30,6409.07,17324.90,62188.34,37863.55,24948.96,51177.27,-8542.08,6379.59,-45808.73,-17819.11,24477.72,-24487.75,15786.10,-25752.98,-26148.27,-42895.64,12795.79,20632.34,-51129.34,-17034.24,28343.61,1666.94,33943.47,28992.21,-8550.66,4829.61,-10018.44,27782.19,-21750.13,9171.67,58004.57,53661.74,-34831.80,12617.29,41811.65,29048.94,-3255.73,43732.51,57576.43,-57501.53,17221.05,-26860.59,13523.58,12886.19,11347.95,-17099.68,-2953.52,-31666.52,-51792.71,-13832.37,41098.19,58234.40,-61224.26,-22466.20,54084.02,65693.86,8884.52,30988.43,-36780.37,8574.05,32613.59,-44891.41,9477.16,-7104.79,-8882.55,15633.07,36046.50,-6743.65,5097.21,4583.37
1047.20,58113.82,1929.25,22661.32,-14081.57,14211.49,23065.45,-17199.78,-4762.61,33349.36,16340.75,-14612.08,31576.51,-65558.09,-10796.39,-21161.89,-3311.83,24755.83,10580.43,495.95,-43803.29,5988.82,5687.44,6192.59,-54101.71,-8449.92,-34847.16,-1419.74,-55022.46,8709.71,33257.79,-38957.56,23181.97,30812.72,-18913.31,-47903.63,-17756.29,17431.21,-75745.84,34792.15,-22318.80,-35157.10,37152.13,-15669.27,-70414.95,39400.64,48102.89,10462.54,-6119.98,34359.68,-88266.61,-4214.58,23695.06,-15265.98,-20284.68,-22897.09,3646.36,-25870.84,-18365.16,12525.31,-26551.70,-36524.89,-58918.54,-38888.77,11346.21,38108.90,-77477.92,-2982.76,48309.32,-32469.01,26140.30,24258.36,6434.45,-20246.08,28760.41,6304.47,-21092.42,-29894.69,26161.71,53160.46,22606.01,53740.49,73379.02,-36071.64,41498.97,42001.34,25650.70,41210.20,-4355.94,-16883.60,-45651.83,-5116.30,14796.87,-8054.99,-10027.75,-5141.65,-52577.12,-29616.71,24573.27,-22660.83
26376.93,6465.73,48183.47,-50124.08,-54172.96,54857.25,-57604.79,-36617.74,-25851.78,-33955.04,-10032.06,-35172.30,-30984.74,73169.27,-9978.99,-77406.24,-13744.04,17688.88,-43514.84,-23931.47,-32413.63,-26566.11,-38833.31,19289.63,-483.07,3886.71,29768.02,7256.71,721.52,14183.33,-36124.10,60913.99,36641.68,58125.00,-84350.23,2953.01,61664.36,9743.14,38245.51,15820.45,45064.45,17983.65,-56171.86,50027.76,47149.42,22251.89,3702.96,-13791.73,-3734.56,31849.33,68126.93,-51457.36,9061.97,-66229.00,66840.88,-34432.17,-72805.52,2601.26,-51194.18,26988.47,-2632.86,18032.43,-39602.37,-10094.24,20453.90,-36703.66,-9132.00,-15363.24,7176.16,60800.77,-91456.64,-38230.89,5084.55,-34826.77,4727.29,54143.76,13544.86,-11654.26,-11731.31,49233.85,65635.18,-10328.92,-44570.76,1239.58,-45475.72,16368.70,1096.80,-7085.51,40697.87,-11968.44,57213.61,-314.19,-492.83,-17992.98,-15007.07,92020.46,-73464.61,32748.82,-45501.78,22325.38
5726.32,31065.00,4307.25,16746.57,-10265.59,11183.42,112650.01,22323.72,38850.54,12960.20,31867.14,-25360.55,-20472.83,-42013.28,-1819.25,-19299.54,-40628.36,-40722.68,28734.32,931.58,20318.17,-12358.30,30150.11,39712.89,5373.02,53754.47,-8238.62,38352.25,-1357.96,-34350.70,67001.32,44662.02,-9202.28,-9616.90,6676.12,-51371.25,-14309.36,23950.76,-29712.09,-57888.35,41612.77,47170.92,-26150.42,-41074.93,-14134.26,53761.54,8949.66,30432.68,-38988.06,-27235.18,26789.79,-31711.04,-24805.33,-10053.19,-31504.34,28507.42,-8632.42,6150.81,-34036.41,47949.72,-62062.71,28195.12,14293.44,-21580.92,44929.48,20648.95,-22978.60,100879.88,50503.66,-8836.39,11090.22,-16364.29,11668.23,41903.34,-22303.39,-45070.16,-9439.24,-49434.80,-38031.13,-59761.59,-10441.93,-13625.04,20310.99,19628.95,-6343.96,-9350.77,-2936.16,18702.92,58921.09,8757.32,-26187.42,21332.42,-42849.49,-28466.17,7971.96,-38711.73,-43526.66,65479.82,6424.46,-39416.86
-12883.58,6908.74,7851.08,-28980.92,-43288.61,26773.07,-6210.84,44561.75,23681.00,-46331.47,42323.57,514.25,36704.56,-43360.71,-74704.45,89188.69,25836.35,34974.27,10746.41,8668.70,2362.89,-3583.86,67058.88,-66426.02,-21220.31,-4502.69,-8307.40,-39879.87,50951.55,15936.17,-24278.15,-9190.41,-23315.34,57994.48,34565.50,-26944.87,-6019.20,13191.86,11085.85,12275.06,-28834.08,28331.00,66184.01,-12362.25,-10804.53,-52523.57,-54505.62,22414.12,-1456.82,25170.27,-26576.41,32217.13,-14346.37,23183.98,-18185.09,-74479.59,31373.23,-2082.98,18305.90,-15978.69,16344.90,9013.07,-17806.95,31764.51,-14090.87,-14714.29,-3541.61,-11314.08,35251.02,-48700.27,-7148.37,-66895.69,71805.33,-23072.84,41607.50,-37338.05,23417.31,23833.06,-112506.53,52666.50,22536.08,30922.79,-3303.43,-491.43,74470.59,-4463.16,10115.89,47216.88,-28116.60,-40649.48,46989.89,-40703.93,-6925.33,5150.55,38902.70,-15628.63,-7991.23,-47055.32,-6088.51,16678.46
-7414.49,30542.16,-91940.18,13730.97,37556.79,6210.41,-15317.71,52815.33,15507.97,-20328.46,-18179.91,17542.32,57188.87,17791.78,12755.67,41035.05,-52205.91,23774.26,24725.38,-31030.57,2323.44,-43454.74,-47416.99,7409.23,40129.95,-18052.98,-3670.70,3435.30,-23314.37,4125.09,57475.93,-31850.11,-17996.48,-31317.31,-35714.33,-49874.80,-53140.67,8948.02,-30374.35,-21688.90,18947.83,34077.84,34186.33,-24618.95,-19975.56,5765.80,-5769.94,-13380.50,29362.42,-14221.20,-32647.75,-14795.11,-26887.48,42304.47,-53678.48,43752.58,27886.61,30481.41,-31709.51,-38792.68,-12008.10,-23332.70,-34665.38,-5941.28,2636.51,-12888.70,25940.28,-46242.04,10909.68,-15184.10,-1161.09,2483.78,-11058.46,40164.73,-8686.01,-15983.70,-4793.72,-10244.60,44627.78,4310.72,42121.00,-17555.47,36321.73,-10860.57,21059.92,-2748.07,-1858.69,-34919.25,-1779.01,28582.37,-59299.34,10758.89,12415.09,15051.91,36184.02,-7245.94,51696.03,-46330.77,-16226.29,-12532.25
40274.38,-883.06,-33894.84,1207.72,15546.79,50846.34,51231.99,-44487.23,-57169.26,-22318.33,25857.21,-26815.07,6783.53,1434.07,-29171.18,28693.49,-41903.41,-12389.00,21664.94,28565.10,7773.76,-534.73,18227.52,-12434.86,17305.42,-33735.71,15744.29,9371.29,8310.56,-26058.08,-30554.74,67360.11,-45800.45,35999.53,-72458.65,11683.25,12291.60,-2287.92,-36890.50,42634.48,25342.32,27955.35,-14920.55,-19647.36,-11894.10,11038.20,9222.38,2338.56,-14264.93,41332.45,-62402.15,-10134.34,-1890.25,-33124.80,30154.14,12690.28,3838.75,-6188.55,5876.83,-42483.55,20433.09,-6577.61,22507.95,9340.92,-35554.94,-5550.59,21997.68,-5624.99,27009.84,-18299.71,29845.35,-65838.84,22348.10,-67814.19,-3296.20,-18428.06,-19264.61,20608.14,-15144.77,25676.04,3748.69,-14697.91,6655.57,-7853.44,838.92,-10332.85,1634.97,26153.53,-11846.30,-14522.00,19995.66,11884.90,8102.93,24664.00,13540.10,-34448.20,-51147.53,-6820.98,-3612.40,-9017.78
426.29,42230.68,15427.36,20300.40,-10731.31,-60646.34,21702.43,-19647.52,32229.68,83107.79,-21709.47,-66040.03,29484.95,37192.89,-4900.36,14281.28,-6260.72,47005.81,24412.87,-3469.64,33189.99,-33075.01,8123.99,32434.95,-40036.61,4656.01,79209.43,-11368.94,-10562.14,15240.98,31715.06,10066.45,-25919.88,-32188.14,-46094.49,-17318.94,16472.72,-39489.52,24001.80,40269.66,203.69,-34110.12,16504.64,-29361.85,3949.20,41146.20,-25696.72,-9628.45,8903.80,13554.49,-12834.40,9818.03,3027.21,-461.85,19837.96,-28758.63,-12635.43,-34988.07,27144.68,-49966.32,-14281.78,-23449.71,-18424.44,-16374.42,15268.36,18255.06,-28305.01,-55210.24,-33003.37,-13038.86,-10695.94,-42476.77,-30061.70,-24604.08,-34498.69,48389.27,-5428.26,28650.94,37972.23,47293.86,20233.77,7388.63,-19913.16,-9423.14,-8672.62,-14535.41,5759.96,-4540.56,30074.57,280.66,745.62,-60646.42,54640.00,53635.40,37639.31,77527.41,-31620.85,-37263.24,27369.74,7457.43
10838.25,-17007.21,-29510.60,62028.16,8817.21,11699.90,9237.82,-9388.11,-25724.23,-1739.56,-2237.41,-43568.62,-3524.91,-13184.41,3523.65,3628.03,-28768.07,-12955.85,25870.38,79798.69,28409.04,21881.30,40374.46,-46751.71,-37784.40,12426.67,-3753.04,61238.97,-2995.08,31656.85,-37722.76,-16886.91,81263.80,-22164.18,15298.05,67202.80,-17147.65,22400.73,7249.74,25875.28,26168.74,29480.67,-54346.04,-59792.68,51957.97,25517.89,10035.99,9099.38,-17829.66,24789.78,1229.43,-17427.26,14873.60,-23620.54,32049.18,6531.38,24481.03,-21987.25,29103.70,-6812.27,-7810.77,661.71,27317.51,1126.29,-39935.77,10764.20,-37460.41,324.37,-25697.60,-11042.27,-42646.68,7467.02,39442.22,13790.30,-40357.72,41314.41,44275.22,-35010.65,-44976.18,10810.14,-37547.98,-9272.24,37157.63,-32802.35,9395.57,-12473.61,-14075.42,39154.76,12665.24,-35671.30,43458.50,35010.89,-41194.43,-41586.05,-62906.42,-7293.33,43553.88,-17482.66,-27532.80,-39998.86
-32294.62,11575.73,4921.61,-66752.78,-381.24,-15596.98,25987.11,-42211.90,-22065.49,12406.93,-60450.44,-2819.96,-1674.38,33326.86,21269.04,-6976.59,-11220.43,-39247.09,-23721.17,75366.93,-12410.89,-1114.40,-40350.43,-5247.36,-16772.18,-29392.28,-40935.64,-53577.75,-54696.51,-3529.94,18111.04,-3785.73,40898.64,31501.31,-38348.30,16366.59,37671.86,-41638.30,-42767.06,18519.36,12102.62,3098.62,1634.73,-14787.22,-17577.32,33702.17,9986.43,19664.83,105263.99,-29956.94,-16281.07,1955.03,-38737.23,24785.25,88674.80,-22371.77,-19682.36,37816.49,-21250.63,42129.24,-8446.86,82938.39,2533.29,11417.15,21688.61,2763.60,-8811.08,-46458.40,-42340.55,5381.27,27275.58,-48553.62,-10975.03,12440.93,-7138.82,40243.82,-441.38,-41507.13,-8195.62,-60039.27,51445.11,5509.20,29995.44,41698.76,64940.54,7964.46,-59247.21,-26405.32,45912.67,-26436.29,9983.57,22816.69,-7075.63,-45761.29,-28420.91,-25935.59,-64224.49,17200.82,23904.79,-28572.72
12749.15,22505.76,-39066.88,-4254.72,19318.12,36138.49,19007.39,-7715.75,1529.92,12162.88,5105.35,20261.45,-34963.86,-21264.66,-11834.32,77704.92,492.63,-18126.14,4708.47,19301.78,11564.89,11105.52,50882.32,-32082.97,-14453.60,7450.39,-36802.21,1661.55,-4858.95,-53460.72,-5068.41,-16421.88,12240.79,16476.39,-81416.70,-39934.82,426.83,-45601.68,-32775.36,75309.14,-39160.87,25001.45,-5138.33,108.47,-42834.08,-13475.63,-2331.58,-36121.11,29099.11,7666.72,27673.68,-2711.45,-25475.46,40525.30,1565.53,-24333.94,-36441.43,-29924.70,-10887.77,16371.29,-16335.42,-16540.97,19228.52,-7013.98,-2631.17,19577.96,-39449.47,15382.64,16847.35,11962.74,43418.57,-29596.04,15508.24,-1051.92,17672.77,44622.29,9025.40,2782.19,-25006.91,47798.51,34951.32,32517.78,-22379.32,-37752.57,-26608.07,66329.00,-24849.52,18099.30,-2592.54,69658.70,-41897.81,-44101.23,10657.69,7484.36,2229.33,3451.23,18491.01,16540.59,14405.15,26579.44
6657.92,25387.56,-46541.98,-14334.47,-25214.18,42068.24,-20453.08,-43917.59,-15241.30,-27596.38,-19930.58,71454.92,1230.57,-3802.99,2011.16,20864.28,-25632.26,-59486.44,-2047.07,-17860.95,48500.61,74334.98,-39334.24,2689.29,41075.03,-37838.50,7369.01,-32530.31,-51316.74,-7360.39,705.97,46324.78,14451.89,-42121.66,56148.07,15426.90,9915.99,26163.00,-29347.52,-72075.63,-75875.22,-7720.89,-8902.27,7905.34,8285.23,-27192.24,-12838.26,5732.79,9690.02,5471.57,-75701.09,-10241.40,12387.56,-10336.11,-4201.12,-39704.02,-14902.21,3195.01,20934.19,71383.62,-35841.73,37681.91,-66396.21,1553.97,59307.96,10413.50,-1447.90,-34189.89,-8863.02,1394.67,67641.22,-5302.12,-77932.31,50301.73,63219.11,24162.20,-12915.05,30093.23,-234.17,-20221.80,-35543.25,-6303.82,2016.74,-28984.84,-24592.68,17954.61,-13071.17,31482.26,-55680.15,-22160.23,31837.83,29981.83,24268.54,-43101.18,-27542.59,-68871.23,53952.29,24253.68,214.19,6227.27
32151.28,11977.96,-35552.07,-25479.77,-30105.93,78319.61,8430.47,-13210.04,-4572.28,11919.10,-37810.62,-20985.16,47058.94,-23017.81,-3408.57,26619.31,-30506.76,24198.36,17076.82,4998.97,18196.09,-8006.94,-5432.86,-5722.39,14648.63,21977.49,32164.76,-15057.86,-41451.42,38891.89,-17797.98,-8422.44,-18883.22,42519.68,-22423.97,21259.38,-26550.66,-12550.04,-74196.26,-7366.70,-26682.74,-1792.23,-11989.64,-6385.70,22290.72,5398.73,33282.13,-30408.34,13951.03,13851.92,-5288.51,-43410.66,7592.77,-81149.60,33030.29,11636.71,-29129.07,-21525.52,-10605.96,-20324.32,25868.74,8113.76,-73025.27,-37223.83,1701.16,43806.96,36508.26,13020.21,5329.90,-43137.16,14667.59,12880.53,-6753.07,-69188.29,-159.44,-12761.59,-5200.72,-24158.43,-8173.21,43634.56,28465.50,30312.68,4084.78,-34592.10,47096.05,82163.34,19140.45,51593.90,-12884.41,14352.13,33196.71,13830.33,51731.08,-25417.50,11128.19,-2499.90,-5906.89,-28029.26,-12138.58,12828.25
56028.02,25243.40,-14578.10,37876.80,-8401.56,-8052.71,-62306.69,5756.71,17076.70,-60696.56,-24150.88,-53737.25,8366.38,29864.34,-38826.94,19759.24,-29423.29,41575.43,34410.32,-13178.55,-26676.54,14837.75,56120.03,-19766.06,3929.52,2151.45,33553.59,5065.44,46831.21,-15638.90,-8948.97,76507.78,-72749.62,-46700.88,-45703.64,-13256.18,-28334.65,5489.06,-28738.48,4539.06,15940.94,13499.27,3485.35,-16418.98,2595.14,-28865.66,35967.71,-68131.38,-19459.93,49778.08,28334.74,-30590.27,50927.27,-28308.03,-20973.33,-24860.41,-59037.39,22404.41,-43637.36,8160.67,36501.16,-3853.52,-3239.32,-942.57,-20444.46,5492.42,-364.56,-31873.80,-2416.34,5434.42,10267.56,-28407.15,-65095.59,-22733.56,-30460.40,81911.73,30163.34,-10012.16,-30211.31,-7270.72,40752.25,-894.35,-25732.93,-12974.22,-46019.18,-11232.23,45759.18,37793.73,69806.72,-15232.46,29356.77,-1714.54,21099.11,4874.60,68668.01,30809.41,-4740.16,44409.30,-25395.19,108.91
7453.82,24585.85,41683.00,19728.20,3289.66,19246.89,40264.66,689.61,-16961.42,10648.64,15089.04,4749.55,3220.64,-1520.42,-11781.40,12643.65,-11502.32,-35069.01,13778.18,-15350.93,-7101.00,5917.11,27855.79,35979.13,-28027.82,41678.07,22100.40,-9938.17,23762.58,-9292.09,-15900.39,-36138.85,-6829.32,13630.12,-5175.61,-38052.76,73222.21,14738.07,-34210.77,-28517.32,-66462.01,-47179.95,5456.19,-16843.30,-39385.78,3146.79,-47139.47,29340.89,-25577.73,-1973.09,-43124.75,68695.48,-13037.87,9319.03,-40152.89,-31606.38,11767.92,-52072.26,27563.28,27607.41,-1455.19,23395.44,38810.07,2717.21,12469.23,-3323.29,16909.27,8192.92,35625.60,19645.87,46537.82,28231.10,49560.95,-25159.70,912.40,7299.42,-70062.39,54502.61,-27365.25,-30929.66,-43983.07,788.47,52487.56,-58361.47,24802.31,-8955.87,-515.56,1416.71,-57180.33,-2791.80,-46258.57,23870.62,1793.27,-30046.52,9303.81,-20314.88,-48083.19,5066.70,29733.72,-28022.47
-55671.75,-5007.57,27953.30,62044.95,15451.92,-66675.27,-641.87,54978.17,-21189.12,15839.79,44287.67,-10891.07,19670.02,-30302.10,-40329.46,1829.54,58080.39,35077.09,17010.30,44875.06,-8122.19,17060.59,31407.40,-27115.63,-38964.37,-2174.75,7432.85,-20977.29,15172.14,-5533.99,8745.71,-13233.26,15201.49,-35129.97,34780.80,-14853.89,-40854.48,-39904.85,64502.36,-29291.27,27672.54,14648.01,-11254.66,8625.10,9019.59,-93218.78,-25116.63,41105.66,-6423.22,-3725.64,29307.85,-12495.96,-26016.51,-43201.34,-28767.20,-12234.81,12582.90,-14906.51,-2497.15,-22235.27,3763.68,-47079.07,-17859.86,195.85,41525.33,-3127.11,21756.74,10124.32,23198.76,-7881.01,-1695.91,-32817.14,-42693.87,42312.02,-11635.99,18051.79,7908.00,-26862.25,197.03,-984.57,16372.15,-22431.85,-20213.17,35039.43,-11200.26,-22764.82,58749.71,25362.07,21925.55,-18206.75,52250.84,-28349.71,29098.75,19238.85,-1637.12,15633.18,5409.97,16512.35,-14078.61,13318.96
-17157.71,2509.51,-6269.91,-12037.06,17170.18,2576.61,32685.44,2539.75,-12164.21,119454.66,11882.42,19962.24,16488.03,30084.38,33015.73,-75762.86,-6835.92,-2358.06,-18197.84,60540.59,3018.70,-48981.31,-54632.18,8541.92,-17744.15,-25395.84,28123.47,11034.14,4441.42,17443.73,1275.32,-65885.36,805.71,-7004.10,11651.44,20052.41,-159.65,-14432.14,38684.51,50723.80,6614.43,-27447.47,24239.02,-12745.61,-18893.09,46763.17,-9049.73,-192.37,12799.91,2210.60,-10626.13,1966.26,-14191.60,19931.79,18793.86,-5486.80,-10474.73,-25430.97,-1767.28,-64987.27,12880.63,-23091.76,-61343.05,16545.68,10098.74,-21970.96,-42790.17,-11424.07,83254.39,-6445.56,-27281.85,67543.34,4689.57,-13785.90,17011.73,27585.87,-59267.78,14919.77,-56423.71,21500.00,-25458.00,11000.87,-60229.02,49860.65,35847.16,-39079.29,4594.96,-56089.34,40991.11,-19811.38,-22046.70,-13710.20,-32493.98,10968.33,-34112.84,36137.37,37019.11,-41433.57,-14427.90,-26730.55
-32408.88,45610.09,-19272.83,54218.66,3116.89,-22206.16,-27588.68,48177.12,-22319.03,14769.66,55493.11,-25055.10,247.87,21152.90,-2185.27,20190.33,-8530.61,36626.27,54513.98,-42365.97,-73790.71,-37568.86,-41055.57,-12319.56,-4048.80,47619.95,-34725.41,-22546.48,5984.25,58300.11,-684.22,-54722.98,17594.00,-53387.54,-63603.50,-90276.63,14158.40,32912.13,6382.67,-17466.38,45456.61,35840.78,-85781.88,52401.29,-50490.06,20592.60,-25639.84,-31217.79,-15159.08,-34305.28,31130.89,1558.05,5249.12,7037.77,-46258.82,-35458.22,25018.42,-27152.68,7036.19,34191.03,-5353.07,53417.46,31976.14,8169.57,15699.67,-22210.11,32561.08,26081.80,13029.36,-11969.22,38679.31,68224.24,12526.14,-5346.48,5139.19,13388.71,43197.00,12473.28,7232.12,-21124.13,-14954.67,-10293.14,4896.27,-22086.39,9764.07,-21112.43,6032.00,-52670.17,-28769.66,45880.40,-60270.34,12455.81,-65841.31,42782.38,29294.18,-23991.79,-33963.29,-18697.50,11708.88,-14158.47
-42476.90,8046.15,-28372.20,20663.56,-2658.68,-30521.26,-59185.07,112.52,-1201.43,-65917.54,-41318.35,-13686.70,21130.22,-54636.88,-11947.49,27599.02,57855.88,8412.91,35915.02,-78549.54,-38764.73,21261.14,-13811.70,-89389.16,-18723.10,-11558.48,-27523.21,-3099.52,13499.07,13144.33,-2562.35,10422.19,-60963.27,-3601.04,-26441.59,-6426.17,-39540.16,-3466.51,-23971.51,-31064.60,-762.16,3398.70,-66390.73,72401.04,-41583.67,24555.55,19703.74,-41593.93,13467.08,-3836.94,-22835.10,-53511.80,9484.91,-27068.54,36325.16,-13766.11,7205.16,-2979.33,-13252.97,55176.38,19230.58,52186.85,3961.99,-35633.06,-33631.80,-38760.82,1993.81,11357.33,-23018.60,-74120.64,-11545.21,72044.77,28099.24,756.64,-25179.39,8981.37,33937.89,5503.12,-28837.95,-55544.68,58253.38,29526.20,10140.35,7943.55,-778.05,-58045.84,15886.46,-55176.95,26195.21,-3024.19,73908.49,17950.24,-26875.11,20179.46,29899.42,-29728.10,12367.16,-6396.11,23954.85,6585.47
-9810.66,-14365.57,-44783.72,58296.25,39304.76,31539.87,7214.27,32786.80,-36691.25,25389.99,16411.63,-5722.24,4163.64,-2051.81,-21696.79,-35248.17,-44687.20,-85404.89,8275.85,68978.53,10078.89,34745.04,-10434.64,-47962.90,5684.13,24621.03,-6058.26,-16821.13,-15895.60,35178.99,13221.07,-17107.53,6931.36,-37613.20,-1371.72,19359.92,-70364.92,11640.93,-23106.53,-23870.86,-19634.93,-13243.23,-33628.06,-22390.06,-8010.26,4989.44,-77144.12,-29671.66,4877.33,27662.52,42121.29,21083.30,-24666.30,-41215.97,-25220.82,24992.53,2262.83,-32436.58,-38019.88,-3540.67,-9740.63,19447.60,9069.86,7994.25,-24521.12,-22476.09,-35010.75,11020.96,-212.51,-27855.63,37820.53,-9387.86,-8445.29,26694.07,40468.71,101610.54,-23661.03,-37588.19,-17892.30,1491.65,5497.10,-43022.70,-27294.12,-22197.82,1843.23,-59594.85,14360.85,-11789.08,-1958.78,709.68,6297.47,20898.42,-41156.64,-6890.27,-42669.53,48557.43,69649.74,-33665.77,-16292.59,18358.58
-11355.56,39018.84,31504.37,-58976.09,7100.43,14989.25,-7106.08,-24652.14,39023.62,38312.35,-9745.35,31019.62,25305.56,50502.36,6295.61,-2201.54,-4426.23,-4972.82,56566.55,-58.40,-13594.74,-91688.17,35487.07,-36163.25,1440.94,-15133.65,49216.92,-43455.19,39244.99,57713.57,34188.28,-32299.79,-567.28,23949.90,-2196.18,24571.35,-14045.15,-17473.32,-26889.36,10524.99,-19706.34,54927.81,57605.06,-725.11,34728.16,53853.27,8351.50,34685.51,31531.55,-6128.18,11491.88,31774.70,13173.54,6615.67,56737.89,831.20,20489.53,-17633.26,-46737.52,-811.84,-70.76,44966.22,8757.96,12588.35,10844.83,9120.61,-5559.44,11501.79,808.63,-26308.09,-72022.62,-3150.73,31583.46,33810.65,42864.09,14182.51,41506.29,-73437.25,-22080.51,-51454.42,38481.13,-6642.68,1770.25,-41445.98,30537.93,32052.88,-24578.55,-4696.41,-52909.95,33095.81,39857.72,-31545.36,-47293.69,-17883.50,48854.45,16795.81,-3543.96,-21988.80,70237.60,-6279.59
-66354.02,-14443.12,-6351.95,-45981.61,26917.62,18363.92,-25032.96,55614.51,-62196.30,-72863.36,9360.80,-52687.55,-5727.84,-61088.86,22444.55,-22371.37,22402.95,66891.04,7077.33,-27123.53,-12390.64,47987.86,25453.92,11281.78,-53278.60,4139.76,-68284.62,-28482.51,-18457.18,18886.48,-57536.53,837.99,-2446.08,-32771.77,50657.74,-21472.55,-42170.70,-5618.08,-51588.71,-43262.88,2746.72,-41935.49,-46347.53,12348.42,-14239.64,-67888.62,56298.37,21217.49,-10748.33,-25267.20,17700.86,36795.70,43249.94,-35495.94,-36881.95,14507.77,-2436.75,-15765.53,27079.02,-10808.20,50866.23,-30342.86,-14569.84,39617.20,47988.66,61566.98,3970.98,-19825.00,-6096.83,13861.87,4411.70,-21660.26,1848.81,-3483.25,-6719.93,25764.23,-67010.57,33323.60,-16887.90,-6013.49,17355.90,-17987.38,29038.49,31547.85,-62761.04,-69110.16,-25107.86,-47383.75,-29816.22,66795.95,12578.64,38713.65,-3340.82,33048.82,2484.38,46718.01,-31323.77,-21964.75,-32558.15,7549.99
14706.89,31346.82,-17955.44,46436.94,-5235.85,-45112.18,-63700.42,-6692.00,-30619.27,2084.29,-65547.80,-12030.36,-42434.66,13376.15,31204.16,-2910.92,-52568.98,2646.20,24059.11,37882.36,-39017.22,-78543.42,-12260.74,-9037.10,685.74,40002.45,-18536.88,-16099.56,-48892.18,-39678.46,-15262.31,-4251.93,17.15,27488.42,38271.56,-11583.45,33308.51,-5995.01,5249.55,59899.03,8954.24,31316.06,42688.87,-11697.61,-13479.36,4340.51,70749.66,3822.28,2219.52,-26445.55,2005.31,-24883.23,-5900.79,533.24,17489.39,43749.62,50970.40,21977.37,-56365.22,29686.79,27364.70,-37618.68,-79812.91,14613.57,-30440.91,-4342.40,31203.64,-8997.52,-7949.12,68626.27,-20464.04,-27810.91,-11267.65,-26330.52,16431.87,-7585.32,41127.60,-72019.45,49700.83,29966.04,38670.62,3401.91,6105.65,-9376.90,-31077.12,56340.30,36085.38,25208.57,41075.23,7253.32,14394.63,16406.01,21081.65,-43410.87,-3236.91,6988.70,-24016.96,21102.95,-5498.49,-7987.45
-16907.39,-34437.98,-63930.66,-14552.32,-55133.56,-22641.20,42360.36,2573.18,45452.46,45991.26,9344.74,-18066.90,-7221.73,14867.88,63757.25,-5211.21,16969.39,56447.47,-5240.24,-23315.03,-14041.62,34148.34,34019.91,33581.19,10684.88,-1748.65,25170.59,-6807.23,7619.42,7310.87,19176.68,61437.47,-11321.76,-25645.65,-14289.94,69335.16,-20098.81,-29922.42,989.49,24596.68,-26389.72,26284.54,-12795.41,-38522.96,22351.78,4899.85,31783.00,-4429.76,64013.41,-7029.07,28929.34,31072.48,44080.28,9581.59,1079.01,-29966.61,30667.04,40655.12,65650.36,-18368.82,-5222.07,3458.50,32338.54,12816.28,-33824.46,-23421.01,-42073.80,25945.84,-20532.09,-38480.30,-6038.18,-13956.49,5475.71,35015.20,-4470.17,-53278.12,38566.75,-51890.45,-53830.54,31566.41,22090.33,-39389.94,-35669.90,39999.62,-33420.76,-59048.20,42653.69,50390.60,5530.85,-51011.72,-17766.11,-45002.73,-31506.38,45313.27,46310.34,25581.81,-5981.28,-24227.29,-14163.75,67.32
11839.50,-8758.32,-44231.48,-29381.84,16300.82,34754.31,35621.71,-15345.40,47356.70,-32742.43,29581.38,-13361.62,4012.55,48196.88,27584.23,13787.69,-3295.10,-5545.40,12296.18,-73437.24,6055.72,45761.20,-37895.11,-26254.72,8212.03,-94659.15,-62159.72,30826.29,19191.59,-7946.74,6811.36,-862.44,9653.58,32979.62,-10791.87,59103.87,32302.96,-25181.51,19603.39,-47850.88,54344.50,1942.55,33713.03,8136.49,15731.43,17459.02,-47537.76,-7520.44,32571.32,-3815.19,1305.60,-21225.93,-43984.55,62919.87,-7693.47,-4497.24,30480.78,43715.27,-30731.08,23170.34,-16179.01,53869.99,68142.75,-70179.54,21263.89,-29360.76,8512.80,50253.09,11731.94,-32330.83,7343.40,-43126.70,27173.41,2999.15,-3992.19,-30866.09,-44336.37,-9261.50,50866.29,7508.89,23394.84,-38304.17,24198.52,29961.83,23735.92,-22833.55,-41206.67,-33630.89,-47184.36,-7889.58,-34555.72,-12227.04,-25986.66,12065.72,24885.76,-47041.12,-24247.40,2682.06,-19972.90,-38955.17
9264.45,51547.37,7840.55,17989.22,-37476.61,40642.13,-15303.60,-48552.79,-29897.46,7844.61,-61517.57,28679.67,1776.58,-36221.34,2687.70,8599.88,-18291.31,-26502.98,-30315.02,-4028.97,80979.84,64793.87,24711.48,-34107.09,9079.57,-18242.92,28094.58,-49646.63,27731.04,-27869.68,40111.33,49069.79,-26152.42,-15657.05,25530.92,-694.99,-41084.09,3207.19,7208.56,30924.47,14000.18,6478.86,-24087.99,-14134.54,38122.20,-40827.73,33553.28,-59389.46,-18319.55,-53658.54,-38872.32,-22399.28,-12546.61,39406.15,-39251.16,-58295.00,19481.81,-7720.50,43306.34,60645.54,36722.87,-28138.45,-20850.59,17830.35,-5405.42,22824.22,-28021.02,-49557.89,-19442.68,-3106.43,-4227.29,15103.59,-14337.70,-19530.99,4048.18,-28264.54,-44666.22,16978.69,53921.39,30362.36,3737.21,45137.48,-14713.34,25066.71,-24681.12,20340.93,699.33,58446.45,16146.43,-27088.74,19111.92,3767.58,27825.53,-53593.42,-43618.38,-5153.00,10133.54,38520.70,-36436.16,3944.91
7746.20,-22485.02,-2274.51,-2334.39,724.44,-82409.12,-1025.58,-56231.07,11571.86,61372.12,4863.16,67959.62,-16772.15,-6192.36,-34478.31,29660.20,8335.43,-70910.38,-36843.58,-24870.46,15288.00,-26743.30,29022.00,18400.86,-20796.56,5137.57,40484.02,15479.91,49532.19,197.28,22442.17,-23390.80,27621.25,-33389.85,-56909.82,-7555.27,42694.89,-47433.95,34016.98,28861.69,5650.71,12279.72,2102.50,-36007.08,54421.45,25631.08,-4358.53,14242.47,36263.44,10998.18,38223.64,16928.38,-6115.81,26899.86,12957.26,-71156.66,-28790.25,-23421.53,18507.93,27072.23,-23418.27,27949.79,30649.66,-5816.60,-37713.41,-57254.83,12175.98,24819.15,57719.60,23839.14,-56206.84,32752.45,-32697.56,14954.87,2603.22,32285.53,-27105.78,27176.72,18482.01,2237.65,24333.79,39609.87,-30848.67,-18214.17,32264.10,-61393.23,-6521.12,43192.45,33418.56,8567.36,-15507.58,-55690.62,3424.07,-11556.95,21277.69,77318.50,41034.73,-14315.25,13563.52,41694.83
-13554.05,61239.38,-21067.58,54968.14,13294.31,-4373.28,94292.36,45857.00,11160.04,-1202.47,13396.93,-56828.50,-14890.45,45883.68,20652.34,31268.10,8445.89,-12443.09,29784.21,27429.58,37866.84,61626.30,15204.88,6206.36,56222.36,11584.82,-87282.38,41479.45,-68211.23,-74622.90,57562.84,-5482.03,-52605.96,-23899.45,42960.52,25148.17,-30635.93,-31522.78,-22740.42,-26584.53,-4340.44,11036.51,20533.78,-13010.48,-48340.28,-9512.17,-11226.94,16285.72,-18419.07,2085.40,-42141.56,11343.13,22721.88,8581.87,5096.52,3967.42,-13192.49,-11173.81,9459.69,-16219.62,19876.88,1413.38,42478.29,28892.01,43146.52,-4666.09,-21612.91,1742.31,-18964.47,-22701.89,11944.10,-13196.24,22740.48,49727.08,-52384.74,42351.18,1208.77,8405.30,-36240.14,-49561.72,-50667.35,-90888.70,80453.34,14458.56,37673.16,-70582.48,6131.20,-13599.64,-22809.61,-11902.08,-5212.09,32099.41,-9935.73,-23355.20,-61940.89,-52689.50,1576.93,27537.20,-1047.16,-53884.94
